case_id,case_participant_id,received_date,offense_category,primary_charge_flag,charge_id,disposition_date,disposition_charged_class,disposition_charged_aoic,charge_disposition,judge,disposition_court_name,disposition_court_facility,incident_city,updated_offense_category,diff,disposition_date_new
2818676611541,599816024860,2011-09-18 00:00:00,Driving With Suspended Or Revoked License,True,458588889001,2024-09-18 00:00:00,4,0014057,Plea Of Guilty,John Joseph Hynes,District 5 - Bridgeview,Bridgeview Courthouse,Oak Lawn,Driving With Suspended Or Revoked License,7116.0,2012-07-10 12:00:00
2842585391019,607435741711,2012-03-08 00:00:00,Narcotics,True,466076261812,2022-03-21 00:00:00,4,5101110,Nolle Prosecution,,District 1 - Chicago,51St & Wentworth (Area 1),Chicago,Narcotics,4788.0,2012-09-23 12:00:00
2858933520824,612647634281,2012-06-29 00:00:00,Narcotics,True,470857426901,2022-07-18 00:00:00,4,5015400,Nolle Prosecution,James R Brown,District 1 - Chicago,26Th Street,Chicago,Narcotics,17580.0,2014-07-01 12:00:00
2862266997492,613697598952,2012-07-21 00:00:00,Attempt Homicide,False,471854061526,2045-03-30 00:00:00,1,0012367,Nolle Prosecution,Brian K Flaherty,District 6 - Markham,Markham Courthouse,Dolton,Aggravated Battery With A Firearm,5616.0,2013-03-12 00:00:00
2862266997492,613697598952,2012-07-21 00:00:00,Attempt Homicide,False,471854127563,2045-03-30 00:00:00,1,0012369,Nolle Prosecution,Brian K Flaherty,District 6 - Markham,Markham Courthouse,Dolton,Aggravated Battery With A Firearm,5616.0,2013-03-12 00:00:00
2862266997492,613697598952,2012-07-21 00:00:00,Attempt Homicide,False,472534047395,2045-03-30 00:00:00,X,0735000,Nolle Prosecution,Brian K Flaherty,District 6 - Markham,Markham Courthouse,Dolton,Aggravated Battery With A Firearm,5616.0,2013-03-12 00:00:00
2862266997492,613697598952,2012-07-21 00:00:00,Attempt Homicide,False,472534245507,2045-03-30 00:00:00,X,0735000,Nolle Prosecution,Brian K Flaherty,District 6 - Markham,Markham Courthouse,Dolton,Aggravated Battery With A Firearm,5616.0,2013-03-12 00:00:00
2862266997492,613697598952,2012-07-21 00:00:00,Attempt Homicide,False,472570698085,2045-03-30 00:00:00,X,0012372,Nolle Prosecution,Brian K Flaherty,District 6 - Markham,Markham Courthouse,Dolton,Aggravated Battery With A Firearm,5616.0,2013-03-12 00:00:00
2862266997492,613697598952,2012-07-21 00:00:00,Attempt Homicide,True,471853995489,2045-03-30 00:00:00,X,0735000,Nolle Prosecution,Brian K Flaherty,District 6 - Markham,Markham Courthouse,Dolton,Aggravated Battery With A Firearm,5748.0,2013-03-17 12:00:00
2874028126732,617526891051,2012-10-09 00:00:00,Narcotics,True,475591507409,2102-10-25 00:00:00,4,5101110,Nolle Prosecution,Maria  Kuriakos Ciesil,District 1 - Chicago,26Th Street,Chicago,Narcotics,8784.0,2013-10-10 00:00:00
2886844180684,621769597470,2013-01-09 00:00:00,Narcotics,True,479424113011,2103-02-08 00:00:00,4,5101110,Nolle Prosecution,Donald D Panarese,District 1 - Chicago,26Th Street,Chicago,Narcotics,5964.0,2013-09-14 12:00:00
2887553158425,622039327486,2013-01-15 00:00:00,Narcotics,False,480400342117,2103-05-21 00:00:00,X,5125382,Nolle Prosecution,Joseph Michael Claps,District 1 - Chicago,26Th Street,Chicago,Narcotics,8604.0,2014-01-08 12:00:00
2887553158425,622039327486,2013-01-15 00:00:00,Narcotics,False,480400804378,2103-05-21 00:00:00,2,5097200,Nolle Prosecution,Joseph Michael Claps,District 1 - Chicago,26Th Street,Chicago,Narcotics,8604.0,2014-01-08 12:00:00
2887553158425,622039327486,2013-01-15 00:00:00,Narcotics,True,480400077968,2103-05-21 00:00:00,X,5125383,Nolle Prosecution,Joseph Michael Claps,District 1 - Chicago,26Th Street,Chicago,Narcotics,8604.0,2014-01-08 12:00:00
2911508918356,630231596245,2013-06-26 00:00:00,Robbery,True,486950778004,2116-01-20 00:00:00,2,1100000,Plea Of Guilty,Michele M Pitman,District 6 - Markham,Markham Courthouse,Matteson,Robbery,3840.0,2013-12-03 00:00:00
2922797039857,634241488823,2013-09-10 00:00:00,Domestic Battery,False,491117069980,2026-02-10 00:00:00,X,0012365,Plea Of Guilty,William H Hooks,District 1 - Chicago,26Th Street,Chicago,Home Invasion,25440.0,2016-08-05 00:00:00
2926698552907,635644537577,2013-09-26 00:00:00,Retail Theft,True,491469114719,2024-04-03 00:00:00,4,0016720,Plea Of Guilty,John Joseph Hynes,District 5 - Bridgeview,Bridgeview Courthouse,Lemont,Retail Theft,7128.0,2014-07-20 00:00:00
2938468224048,639792260944,2013-12-06 00:00:00,Forgery,False,494753082601,2044-07-14 00:00:00,3,1080100,Nolle Prosecution,Frank G Zelezinski,District 6 - Markham,Markham Courthouse,Harvey,Forgery,5664.0,2014-07-30 00:00:00
2946345991777,642600231577,2013-05-10 00:00:00,Armed Robbery,False,496964605062,2051-08-10 00:00:00,3,0775100,Nolle Prosecution,Maura  Slattery Boyle,District 1 - Chicago,26Th Street,Chicago,Armed Robbery,4344.0,2013-11-07 00:00:00
2949266254008,643631386950,2014-03-28 00:00:00,Narcotics,True,497777061714,2214-08-19 00:00:00,4,5101110,Nolle Prosecution,Kevin M Sheehan,District 1 - Chicago,26Th Street,Chicago,Narcotics,6864.0,2015-01-08 00:00:00
2967976219299,650300961089,2014-08-07 00:00:00,Narcotics,True,503252080500,2045-02-03 00:00:00,1,5096200,Plea Of Guilty,Raymond  Myles,District 1 - Chicago,26Th Street,Chicago,Narcotics,28992.0,2017-11-27 00:00:00
2991906353529,658831875259,2015-02-11 00:00:00,Armed Robbery,False,511006111847,2106-10-25 00:00:00,X,0012366,Nolle Prosecution,Gregory Robert Ginex,District 4 - Maywood,Maywood Courthouse,Franklin Park,Aggravated Battery With A Firearm,14928.0,2016-10-25 00:00:00
2991906353529,658831875259,2015-02-11 00:00:00,Armed Robbery,False,511006640145,2106-10-25 00:00:00,1,1214850,Nolle Prosecution,Gregory Robert Ginex,District 4 - Maywood,Maywood Courthouse,Franklin Park,Aggravated Battery With A Firearm,14928.0,2016-10-25 00:00:00
2991906353529,658831875259,2015-02-11 00:00:00,Armed Robbery,False,511773861261,2106-10-25 00:00:00,X,0012366,Nolle Prosecution,Gregory Robert Ginex,District 4 - Maywood,Maywood Courthouse,Franklin Park,Aggravated Battery With A Firearm,14928.0,2016-10-25 00:00:00
2991906353529,658831875259,2015-02-11 00:00:00,Armed Robbery,False,511776370677,2106-10-25 00:00:00,1,1214850,Nolle Prosecution,Gregory Robert Ginex,District 4 - Maywood,Maywood Courthouse,Franklin Park,Aggravated Battery With A Firearm,14928.0,2016-10-25 00:00:00
2991906353529,658831875259,2015-02-11 00:00:00,Armed Robbery,False,511776436714,2106-10-25 00:00:00,1,1214850,Nolle Prosecution,Gregory Robert Ginex,District 4 - Maywood,Maywood Courthouse,Franklin Park,Aggravated Battery With A Firearm,14928.0,2016-10-25 00:00:00
2991906353529,658831875259,2015-02-11 00:00:00,Armed Robbery,False,511776502752,2106-10-25 00:00:00,1,1214850,Nolle Prosecution,Gregory Robert Ginex,District 4 - Maywood,Maywood Courthouse,Franklin Park,Aggravated Battery With A Firearm,14928.0,2016-10-25 00:00:00
2991906353529,658831875259,2015-02-11 00:00:00,Armed Robbery,False,511780200839,2106-10-25 00:00:00,X,0735000,Nolle Prosecution,Gregory Robert Ginex,District 4 - Maywood,Maywood Courthouse,Franklin Park,Aggravated Battery With A Firearm,14928.0,2016-10-25 00:00:00
2991906353529,658831875259,2015-02-11 00:00:00,Armed Robbery,False,511780993287,2106-10-25 00:00:00,X,0735000,Nolle Prosecution,Gregory Robert Ginex,District 4 - Maywood,Maywood Courthouse,Franklin Park,Aggravated Battery With A Firearm,14928.0,2016-10-25 00:00:00
2991906353529,658831875259,2015-02-11 00:00:00,Armed Robbery,False,511781059324,2106-10-25 00:00:00,3,0016122,Nolle Prosecution,Gregory Robert Ginex,District 4 - Maywood,Maywood Courthouse,Franklin Park,Aggravated Battery With A Firearm,14928.0,2016-10-25 00:00:00
2991906353529,658831875259,2015-02-11 00:00:00,Armed Robbery,True,511779936690,2106-10-25 00:00:00,X,0735000,Nolle Prosecution,Gregory Robert Ginex,District 4 - Maywood,Maywood Courthouse,Franklin Park,Aggravated Battery With A Firearm,14928.0,2016-10-25 00:00:00
2999223559039,661415929394,2015-04-07 00:00:00,Theft,True,513065220265,2115-07-09 00:00:00,3,0015481,Plea Of Guilty,Paula M Daleo,District 4 - Maywood,Maywood Courthouse,Franklin Park,Theft,9456.0,2016-05-05 00:00:00
3007314874280,664268308701,2015-06-10 00:00:00,Sex Crimes,False,516699846103,2029-06-04 00:00:00,X,0015797,Plea Of Guilty,Joseph Michael Claps,District 1 - Chicago,26Th Street,Chicago,Sex Crimes,16992.0,2017-05-18 00:00:00
3007754782156,664437124102,2015-06-12 00:00:00,Narcotics,True,515657909904,2216-02-17 00:00:00,4,5015400,Plea Of Guilty,Frank G Zelezinski,District 6 - Markham,Markham Courthouse,Chicago Heights,Narcotics,8652.0,2016-06-06 12:00:00
3026010958983,670924614871,2015-10-27 00:00:00,Criminal Damage To Property,True,521145475773,2106-04-21 00:00:00,A,0017217,Plea Of Guilty,Marc W Martin,District 3 - Rolling Meadows,Rolling Meadows Courthouse,Streamwood,Criminal Damage to Property,6036.0,2016-07-04 12:00:00
3031359256429,672839573108,2015-12-10 00:00:00,Retail Theft,True,522964868867,2047-08-08 00:00:00,3,0016741,Plea Of Guilty,Michele M Pitman,District 6 - Markham,Markham Courthouse,Lansing,Retail Theft,7740.0,2016-10-27 12:00:00
3042401798291,677383696576,2016-03-15 00:00:00,Narcotics,False,527268452348,2047-03-17 00:00:00,4,5101110,Plea Of Guilty,Brian K Flaherty,District 6 - Markham,Markham Courthouse,Calumet City,Narcotics,5268.0,2016-10-20 12:00:00
3043406539336,677294332899,2016-03-29 00:00:00,Robbery,True,527038114317,2106-11-15 00:00:00,3,0015473,Plea Of Guilty,Marc W Martin,District 3 - Rolling Meadows,Rolling Meadows Courthouse,Palatine,Robbery,7560.0,2017-02-07 00:00:00
3048303183794,679067089721,2016-05-11 00:00:00,Narcotics,True,528775357034,2106-08-31 00:00:00,4,5020200,Nolle Prosecution,,District 6 - Markham,Markham Courthouse,Matteson,Narcotics,6192.0,2017-01-24 00:00:00
3050587074438,679900318208,2016-05-29 00:00:00,Robbery,True,529496219979,2047-01-24 00:00:00,1,0017209,Plea Of Guilty,Brian K Flaherty,District 6 - Markham,Markham Courthouse,Chicago Heights,Aggravated Robbery,7680.0,2017-04-14 00:00:00
3066530531707,685878787228,2016-10-18 00:00:00,Sex Crimes,False,536226607453,2071-03-21 00:00:00,X,0015807,Plea Of Guilty,Stanley  Sacks,District 1 - Chicago,26Th Street,Chicago,Kidnapping,6672.0,2017-07-23 00:00:00
3068432172304,686596740473,2016-11-07 00:00:00,Aggravated Battery,True,535762233302,2048-05-04 00:00:00,3,0016111,Plea Of Guilty,Lauren Gottainer Edidin,District 2 - Skokie,Skokie Courthouse,Chicago,Aggravated Battery,5592.0,2017-06-28 00:00:00
3072673225899,688178438535,2016-12-17 00:00:00,Residential Burglary,True,537243383449,2118-06-20 00:00:00,1,1120000,Nolle Prosecution,Brian K Flaherty,District 6 - Markham,Markham Courthouse,Riverdale,Residential Burglary,5856.0,2017-08-18 00:00:00
3072938024814,688269129009,2016-12-20 00:00:00,Failure To Register As A Sex Offender,True,537330024360,2107-01-13 00:00:00,2,0013774,Nolle Prosecution,James R Brown,District 1 - Chicago,26Th Street,Chicago,Failure to Register as a Sex Offender,5928.0,2017-08-24 00:00:00
3078258561083,690173941151,2017-02-07 00:00:00,Narcotics,True,539148096707,2047-03-15 00:00:00,A,5020100,Plea Of Guilty,Darron Edward Bowden,District 6 - Markham,Markham Courthouse,Markham,Narcotics,4164.0,2017-07-30 12:00:00
3088316648913,693787355581,2017-05-04 00:00:00,Attempt Homicide,False,542535280858,2118-10-04 00:00:00,3,0016122,Nolle Prosecution,Michele M Pitman,District 6 - Markham,Markham Courthouse,,Aggravated Battery With A Firearm,7200.0,2018-02-28 00:00:00
3088316648913,693787355581,2017-05-04 00:00:00,Attempt Homicide,False,542564535373,2118-10-04 00:00:00,3,0016094,Nolle Prosecution,Michele M Pitman,District 6 - Markham,Markham Courthouse,,Aggravated Battery With A Firearm,7200.0,2018-02-28 00:00:00
3088316648913,693787355581,2017-05-04 00:00:00,Attempt Homicide,False,542564601410,2118-10-04 00:00:00,3,0016094,Nolle Prosecution,Michele M Pitman,District 6 - Markham,Markham Courthouse,,Aggravated Battery With A Firearm,8460.0,2018-04-21 12:00:00
3088316648913,693787355581,2017-05-04 00:00:00,Attempt Homicide,True,542535082746,2118-10-04 00:00:00,X,0735000,Nolle Prosecution,Michele M Pitman,District 6 - Markham,Markham Courthouse,,Aggravated Battery With A Firearm,9720.0,2018-06-13 00:00:00
3091865808568,695084650813,2017-06-04 00:00:00,Aggravated Dui,True,543775196822,2107-11-30 00:00:00,4,0014716,Plea Of Guilty,William B Raines,District 5 - Bridgeview,Bridgeview Courthouse,Chicago,Aggravated DUI,6456.0,2018-02-28 00:00:00
3095798286007,696528518085,2017-07-09 00:00:00,Criminal Damage To Property,True,545166668343,2029-02-17 00:00:00,3,0017491,Plea Of Guilty,Kerry M Kennedy,District 5 - Bridgeview,Bridgeview Courthouse,Hickory Hills,Criminal Damage to Property,7632.0,2018-05-23 00:00:00
3096772062663,696883865527,2017-07-17 00:00:00,Narcotics,True,554874280535,2108-02-13 00:00:00,4,0018155,Nolle Prosecution,Ramon  Ocasio,District 4 - Maywood,Maywood Courthouse,,Narcotics,5136.0,2018-02-16 00:00:00
3098703599912,697586287443,2017-07-28 00:00:00,Narcotics,False,548003960066,2108-01-30 00:00:00,3,5020300,Plea Of Guilty,Geary W Kull,District 4 - Maywood,Maywood Courthouse,Northlake,Narcotics,6804.0,2018-05-07 12:00:00
3112895967581,702776951262,2017-12-06 00:00:00,Narcotics,True,550957741550,2027-12-28 00:00:00,4,5101110,Nolle Prosecution,Peter A Felice,District 5 - Bridgeview,Bridgeview Courthouse,Alsip,Narcotics,5652.0,2018-07-29 12:00:00
3116693910087,704133015794,2018-01-09 00:00:00,Narcotics,True,555217410240,2081-03-28 00:00:00,A,5101110,Plea Of Guilty,Ramon  Ocasio,District 4 - Maywood,Maywood Courthouse,Maywood,Narcotics,6888.0,2018-10-23 00:00:00
3119970796664,705331737817,2018-02-12 00:00:00,Aggravated Battery,True,553417828331,2048-03-01 00:00:00,3,0016113,Nolle Prosecution,Marvin P Luckman,District 1 - Chicago,Belmont & Western (Area 3),Chicago,Aggravated Battery,5808.0,2018-10-12 00:00:00
3132053314910,709704158151,2018-05-25 00:00:00,Narcotics,True,557450196705,2028-06-28 00:00:00,4,5101110,Nolle Prosecution,,District 1 - Chicago,Harrison & Kedzie (Area 4),Chicago,Narcotics,6828.0,2019-03-05 12:00:00
3135939879634,711069041980,2018-06-27 00:00:00,Narcotics,True,558739376479,2118-08-10 00:00:00,4,5101110,Nolle Prosecution,,District 1 - Chicago,727 E. 111Th Street (Area 2),Chicago,Narcotics,11328.0,2019-10-12 00:00:00
3155554218640,717885890581,2018-12-06 00:00:00,Narcotics,False,565044153685,2022-03-16 00:00:00,4,5101110,Nolle Prosecution,Michele M Pitman,District 6 - Markham,Markham Courthouse,Chicago Heights,Narcotics,5520.0,2019-07-24 00:00:00
3155554218640,717885890581,2018-12-06 00:00:00,Narcotics,False,566503313418,2022-03-16 00:00:00,4,5020200,Nolle Prosecution,Michele M Pitman,District 6 - Markham,Markham Courthouse,Chicago Heights,Narcotics,5520.0,2019-07-24 00:00:00
3155554218640,717885890581,2018-12-06 00:00:00,Narcotics,True,566548945178,2022-03-16 00:00:00,1,5096200,Nolle Prosecution,Michele M Pitman,District 6 - Markham,Markham Courthouse,Chicago Heights,Narcotics,5520.0,2019-07-24 00:00:00
3159102310558,719052067056,2019-01-07 00:00:00,Aggravated Dui,True,565961081314,2109-04-22 00:00:00,4,0014716,BFW,Steven J Goebel,District 3 - Rolling Meadows,Rolling Meadows Courthouse,Elk Grove Village,Aggravated DUI,6144.0,2019-09-20 00:00:00
3164443133840,720912158336,2019-02-22 00:00:00,Uuw - Unlawful Use Of Weapon,False,568487601598,2029-02-21 00:00:00,2,0012309,Plea Of Guilty,Peggy  Chiampas,District 1 - Chicago,26Th Street,Chicago,UUW - Unlawful Use of Weapon,5028.0,2019-09-19 12:00:00
