case_id,case_participant_id,received_date,offense_category,primary_charge_flag,charge_id,charge_version_id,disposition_charged_offense_title,charge_count,disposition_date,disposition_charged_chapter,disposition_charged_act,disposition_charged_section,disposition_charged_class,disposition_charged_aoic,charge_disposition,charge_disposition_reason,judge,disposition_court_name,disposition_court_facility,age_at_incident,race,gender,incident_city,incident_begin_date,incident_end_date,law_enforcement_agency,law_enforcement_unit,arrest_date,felony_review_date,felony_review_result,arraignment_date,updated_offense_category,diff,disposition_date_new
2818676611541,599816024860,2011-09-18 00:00:00,Driving With Suspended Or Revoked License,True,458588889001,307899059510,"FELONY DRIVING WHILE DRIVER?S LICENSE, PERMIT, OR PRIVILEGE TO OPERATE A MOTOR VEHICLE IS SUSPENDED OR REVOKED",1,2024-09-18 00:00:00,625,5,6-303(a),4,0014057,Plea Of Guilty,,John Joseph Hynes,District 5 - Bridgeview,Bridgeview Courthouse,52.0,White,Male,Oak Lawn,2011-09-18 00:00:00,,OAK LAWN PD,,2011-09-18 01:55:00,2011-09-18 00:00:00,Approved,2011-11-15 00:00:00,Driving With Suspended Or Revoked License,7116.0,2012-07-10 12:00:00
2842585391019,607435741711,2012-03-08 00:00:00,Narcotics,True,466076261812,312986761112,POSSESSION OF A CONTROLLED SUBSTANCE,1,2022-03-21 00:00:00,720,570,402(c),4,5101110,Nolle Prosecution,Nolle - AONIC,,District 1 - Chicago,51St & Wentworth (Area 1),58.0,White [Hispanic or Latino],Male,Chicago,2012-03-03 00:00:00,,CHICAGO PD,District 9 - Deering,2012-03-03 20:45:00,,,,Narcotics,4788.0,2012-09-23 12:00:00
2858933520824,612647634281,2012-06-29 00:00:00,Narcotics,True,470857426901,316248579660,POSSESSION OF CANNABIS,1,2022-07-18 00:00:00,720,550,4(d),4,5015400,Nolle Prosecution,Misdemeanor Amount,James R Brown,District 1 - Chicago,26Th Street,40.0,Black,Male,Chicago,2012-06-28 00:00:00,,CHICAGO PD,District 6 - Gresham,2012-06-28 22:05:00,,,,Narcotics,17580.0,2014-07-01 12:00:00
2862266997492,613697598952,2012-07-21 00:00:00,Attempt Homicide,False,471854061526,316924420844,ATTEMPT ARMED ROBBERY/DISCH FIREARM,6,2045-03-30 00:00:00,720,5,8-4(18-2(a)(3)),1,0012367,Nolle Prosecution,,Brian K Flaherty,District 6 - Markham,Markham Courthouse,20.0,Black,Male,Dolton,2012-07-19 00:00:00,,DOLTON PD,,2012-07-19 17:41:00,2012-07-21 00:00:00,Approved,2012-08-28 00:00:00,Aggravated Battery With A Firearm,5616.0,2013-03-12 00:00:00
2862266997492,613697598952,2012-07-21 00:00:00,Attempt Homicide,False,471854127563,316924465141,ATTEMPT AGGRAVATED VEHICLE HIJACKING/FIREARM,7,2045-03-30 00:00:00,720,5,8-4(18-4(a)(4)),1,0012369,Nolle Prosecution,,Brian K Flaherty,District 6 - Markham,Markham Courthouse,20.0,Black,Male,Dolton,2012-07-19 00:00:00,,DOLTON PD,,2012-07-19 17:41:00,2012-07-21 00:00:00,Approved,2012-08-28 00:00:00,Aggravated Battery With A Firearm,5616.0,2013-03-12 00:00:00
2862266997492,613697598952,2012-07-21 00:00:00,Attempt Homicide,False,472534047395,317384003481,ATTEMPT FIRST DEGREE MURDER,2,2045-03-30 00:00:00,720,5,8-4(a)(720-5/9-1(a)(1)),X,0735000,Nolle Prosecution,,Brian K Flaherty,District 6 - Markham,Markham Courthouse,20.0,Black,Male,Dolton,2012-07-19 00:00:00,,DOLTON PD,,2012-07-19 17:41:00,2012-07-21 00:00:00,Approved,2012-08-28 00:00:00,Aggravated Battery With A Firearm,5616.0,2013-03-12 00:00:00
2862266997492,613697598952,2012-07-21 00:00:00,Attempt Homicide,False,472534245507,317384136372,ATTEMPT FIRST DEGREE MURDER,3,2045-03-30 00:00:00,720,5,8-4(a)(720-5/9-1(a)(1)),X,0735000,Nolle Prosecution,,Brian K Flaherty,District 6 - Markham,Markham Courthouse,20.0,Black,Male,Dolton,2012-07-19 00:00:00,,DOLTON PD,,2012-07-19 17:41:00,2012-07-21 00:00:00,Approved,2012-08-28 00:00:00,Aggravated Battery With A Firearm,5616.0,2013-03-12 00:00:00
2862266997492,613697598952,2012-07-21 00:00:00,Attempt Homicide,False,472570698085,317409252840,ARMED VIOLENCE,5,2045-03-30 00:00:00,720,5,33A-2(a),X,0012372,Nolle Prosecution,,Brian K Flaherty,District 6 - Markham,Markham Courthouse,20.0,Black,Male,Dolton,2012-07-19 00:00:00,,DOLTON PD,,2012-07-19 17:41:00,2012-07-21 00:00:00,Approved,2012-08-28 00:00:00,Aggravated Battery With A Firearm,5616.0,2013-03-12 00:00:00
2862266997492,613697598952,2012-07-21 00:00:00,Attempt Homicide,True,471853995489,316924376547,ATTEMPT FIRST DEGREE MURDER,1,2045-03-30 00:00:00,720,5,8-4(a)(720-5/9-1(a)(1)),X,0735000,Nolle Prosecution,,Brian K Flaherty,District 6 - Markham,Markham Courthouse,20.0,Black,Male,Dolton,2012-07-19 00:00:00,,DOLTON PD,,2012-07-19 17:41:00,2012-07-21 00:00:00,Approved,2012-08-28 00:00:00,Aggravated Battery With A Firearm,5748.0,2013-03-17 12:00:00
2874028126732,617526891051,2012-10-09 00:00:00,Narcotics,True,475591507409,319451881711,POSSESSION OF A CONTROLLED SUBSTANCE,1,2102-10-25 00:00:00,720,570,402(c),4,5101110,Nolle Prosecution,Nolle - AONIC,Maria  Kuriakos Ciesil,District 1 - Chicago,26Th Street,53.0,White,Female,Chicago,2012-10-05 00:00:00,,CHICAGO PD,District 25 - Grand Central,2012-10-05 01:55:00,,,,Narcotics,8784.0,2013-10-10 00:00:00
2886844180684,621769597470,2013-01-09 00:00:00,Narcotics,True,479424113011,322065101804,POSSESSION OF A CONTROLLED SUBSTANCE,1,2103-02-08 00:00:00,720,570,402(c),4,5101110,Nolle Prosecution,Nolle - AONIC,Donald D Panarese,District 1 - Chicago,26Th Street,47.0,Black,Male,Chicago,2013-01-06 00:00:00,,CHICAGO PD,District 10 - Ogden,2013-01-06 13:06:00,,,,Narcotics,5964.0,2013-09-14 12:00:00
2887553158425,622039327486,2013-01-15 00:00:00,Narcotics,False,480400342117,322727122286,[POSSESSION OF CONTROLLED SUBSTANCE WITH INTENT TO DELIVER/DELIVERY OF A CONTROLLED SUBSTANCE],2,2103-05-21 00:00:00,720,570,407(b)(1),X,5125382,Nolle Prosecution,,Joseph Michael Claps,District 1 - Chicago,26Th Street,19.0,Black,Male,Chicago,2013-01-10 00:00:00,,CHICAGO PD,District 11 - Harrison,2013-01-10 11:50:00,,,2013-02-19 00:00:00,Narcotics,8604.0,2014-01-08 12:00:00
2887553158425,622039327486,2013-01-15 00:00:00,Narcotics,False,480400804378,322727432366,[POSSESSION OF CONTROLLED SUBSTANCE WITH INTENT TO DELIVER/ DELIVERY OF A CONTROLLED SUBSTANCE],6,2103-05-21 00:00:00,720,570,401(d)(i),2,5097200,Nolle Prosecution,,Joseph Michael Claps,District 1 - Chicago,26Th Street,19.0,Black,Male,Chicago,2013-01-10 00:00:00,,CHICAGO PD,District 11 - Harrison,2013-01-10 11:50:00,,,2013-02-19 00:00:00,Narcotics,8604.0,2014-01-08 12:00:00
2887553158425,622039327486,2013-01-15 00:00:00,Narcotics,True,480400077968,322726945098,[POSSESSION OF CONTROLLED SUBSTANCE WITH INTENT TO DELIVER/DELIVERY OF A CONTROLLED SUBSTANCE],1,2103-05-21 00:00:00,720,570,407(b)(1),X,5125383,Nolle Prosecution,,Joseph Michael Claps,District 1 - Chicago,26Th Street,19.0,Black,Male,Chicago,2013-01-10 00:00:00,,CHICAGO PD,District 11 - Harrison,2013-01-10 11:50:00,,,2013-02-19 00:00:00,Narcotics,8604.0,2014-01-08 12:00:00
2911508918356,630231596245,2013-06-26 00:00:00,Robbery,True,486950778004,327180400514,ROBBERY,1,2116-01-20 00:00:00,720,5,18-1(a),2,1100000,Plea Of Guilty,,Michele M Pitman,District 6 - Markham,Markham Courthouse,20.0,Black,Male,Matteson,2013-06-25 00:00:00,,MATTESON PD,,2013-06-25 19:21:00,2013-06-26 00:00:00,Approved,2013-08-27 00:00:00,Robbery,3840.0,2013-12-03 00:00:00
2922797039857,634241488823,2013-09-10 00:00:00,Domestic Battery,False,491117069980,343857292254,ARMED ROBBERY,3,2026-02-10 00:00:00,720,5,18-2(a)(1),X,0012365,Plea Of Guilty,,William H Hooks,District 1 - Chicago,26Th Street,31.0,Black,Male,Chicago,2013-09-09 00:00:00,,CHICAGO PD,,2013-09-09 19:30:00,2013-09-10 00:00:00,Approved,2013-10-07 00:00:00,Home Invasion,25440.0,2016-08-05 00:00:00
2926698552907,635644537577,2013-09-26 00:00:00,Retail Theft,True,491469114719,330241863181,RETAIL THEFT,1,2024-04-03 00:00:00,720,5,16-25(a)(1),4,0016720,Plea Of Guilty,,John Joseph Hynes,District 5 - Bridgeview,Bridgeview Courthouse,38.0,White,Male,Lemont,2013-09-13 00:00:00,,LEMONT PD,,2013-10-04 16:08:00,2013-10-30 00:00:00,Approved,2013-11-21 00:00:00,Retail Theft,7128.0,2014-07-20 00:00:00
2938468224048,639792260944,2013-12-06 00:00:00,Forgery,False,494753082601,332478380553,FORGERY,2,2044-07-14 00:00:00,720,5,17-3(a)(2),3,1080100,Nolle Prosecution,,Frank G Zelezinski,District 6 - Markham,Markham Courthouse,57.0,Black,Male,Harvey,2013-11-29 00:00:00,2013-12-04 00:00:00,HARVEY PD,,2013-12-04 18:29:00,,,2014-01-23 00:00:00,Forgery,5664.0,2014-07-30 00:00:00
2946345991777,642600231577,2013-05-10 00:00:00,Armed Robbery,False,496964605062,333981293294,AGGRAVATED UNLAWFUL RESTRAINT,2,2051-08-10 00:00:00,720,5,10-3.1(a),3,0775100,Nolle Prosecution,PG to Other Count/s,Maura  Slattery Boyle,District 1 - Chicago,26Th Street,20.0,Black,Male,Chicago,2013-05-10 00:00:00,,CHICAGO PD,,2013-05-10 12:15:00,2014-03-06 00:00:00,Approved,2014-03-27 00:00:00,Armed Robbery,4344.0,2013-11-07 00:00:00
2949266254008,643631386950,2014-03-28 00:00:00,Narcotics,True,497777061714,334539924294,POSSESSION OF A CONTROLLED SUBSTANCE,1,2214-08-19 00:00:00,720,570,402(c),4,5101110,Nolle Prosecution,,Kevin M Sheehan,District 1 - Chicago,26Th Street,23.0,Black,Male,Chicago,2014-02-27 00:00:00,,CHICAGO PD,District 7 - Englewood,2014-03-26 13:00:00,,,2014-05-01 00:00:00,Narcotics,6864.0,2015-01-08 00:00:00
2967976219299,650300961089,2014-08-07 00:00:00,Narcotics,True,503252080500,338286264758,[POSSESSION OF CONTROLLED SUBSTANCE WITH INTENT TO DELIVER/DELIVERY OF A CONTROLLED SUBSTANCE],1,2045-02-03 00:00:00,720,570,401(c)(2),1,5096200,Plea Of Guilty,,Raymond  Myles,District 1 - Chicago,26Th Street,21.0,Black,Male,Chicago,2014-08-03 00:00:00,,CHICAGO PD,District 11 - Harrison,2014-08-03 21:45:00,,,2014-10-23 00:00:00,Narcotics,28992.0,2017-11-27 00:00:00
2991906353529,658831875259,2015-02-11 00:00:00,Armed Robbery,False,511006111847,343571708711,ARMED ROBBERY,6,2106-10-25 00:00:00,720,5,18-2(a)(2),X,0012366,Nolle Prosecution,PG to Other Count/s,Gregory Robert Ginex,District 4 - Maywood,Maywood Courthouse,19.0,White [Hispanic or Latino],Male,Franklin Park,2015-02-07 00:00:00,,FRANKLIN PARK PD,,2015-02-10 09:00:00,2015-02-12 00:00:00,Approved,2015-04-08 00:00:00,Aggravated Battery With A Firearm,14928.0,2016-10-25 00:00:00
2991906353529,658831875259,2015-02-11 00:00:00,Armed Robbery,False,511006640145,343572063088,AGGRAVATED DISCHARGE OF A FIREARM,8,2106-10-25 00:00:00,720,5,24-1.2(a)(2),1,1214850,Nolle Prosecution,PG to Other Count/s,Gregory Robert Ginex,District 4 - Maywood,Maywood Courthouse,19.0,White [Hispanic or Latino],Male,Franklin Park,2015-02-07 00:00:00,,FRANKLIN PARK PD,,2015-02-10 09:00:00,2015-02-12 00:00:00,Approved,2015-04-08 00:00:00,Aggravated Battery With A Firearm,14928.0,2016-10-25 00:00:00
2991906353529,658831875259,2015-02-11 00:00:00,Armed Robbery,False,511773861261,344096939682,ARMED ROBBERY,7,2106-10-25 00:00:00,720,5,18-2(a)(2),X,0012366,Nolle Prosecution,PG to Other Count/s,Gregory Robert Ginex,District 4 - Maywood,Maywood Courthouse,19.0,White [Hispanic or Latino],Male,Franklin Park,2015-02-07 00:00:00,,FRANKLIN PARK PD,,2015-02-10 09:00:00,2015-02-12 00:00:00,Approved,2015-04-08 00:00:00,Aggravated Battery With A Firearm,14928.0,2016-10-25 00:00:00
2991906353529,658831875259,2015-02-11 00:00:00,Armed Robbery,False,511776370677,344098622973,AGGRAVATED DISCHARGE OF A FIREARM,9,2106-10-25 00:00:00,720,5,24-1.2(a)(2),1,1214850,Nolle Prosecution,PG to Other Count/s,Gregory Robert Ginex,District 4 - Maywood,Maywood Courthouse,19.0,White [Hispanic or Latino],Male,Franklin Park,2015-02-07 00:00:00,,FRANKLIN PARK PD,,2015-02-10 09:00:00,2015-02-12 00:00:00,Approved,2015-04-08 00:00:00,Aggravated Battery With A Firearm,14928.0,2016-10-25 00:00:00
2991906353529,658831875259,2015-02-11 00:00:00,Armed Robbery,False,511776436714,344098667270,AGGRAVATED DISCHARGE OF A FIREARM,10,2106-10-25 00:00:00,720,5,24-1.2(a)(2),1,1214850,Nolle Prosecution,PG to Other Count/s,Gregory Robert Ginex,District 4 - Maywood,Maywood Courthouse,19.0,White [Hispanic or Latino],Male,Franklin Park,2015-02-07 00:00:00,,FRANKLIN PARK PD,,2015-02-10 09:00:00,2015-02-12 00:00:00,Approved,2015-04-08 00:00:00,Aggravated Battery With A Firearm,14928.0,2016-10-25 00:00:00
2991906353529,658831875259,2015-02-11 00:00:00,Armed Robbery,False,511776502752,344098711567,AGGRAVATED DISCHARGE OF A FIREARM,11,2106-10-25 00:00:00,720,5,24-1.2(a)(2),1,1214850,Nolle Prosecution,PG to Other Count/s,Gregory Robert Ginex,District 4 - Maywood,Maywood Courthouse,19.0,White [Hispanic or Latino],Male,Franklin Park,2015-02-07 00:00:00,,FRANKLIN PARK PD,,2015-02-10 09:00:00,2015-02-12 00:00:00,Approved,2015-04-08 00:00:00,Aggravated Battery With A Firearm,14928.0,2016-10-25 00:00:00
2991906353529,658831875259,2015-02-11 00:00:00,Armed Robbery,False,511780200839,344101192206,ATTEMPT FIRST DEGREE MURDER,2,2106-10-25 00:00:00,720,5,8-4(a)(720-5/9-1(a)(1)),X,0735000,Nolle Prosecution,PG to Other Count/s,Gregory Robert Ginex,District 4 - Maywood,Maywood Courthouse,19.0,White [Hispanic or Latino],Male,Franklin Park,2015-02-07 00:00:00,,FRANKLIN PARK PD,,2015-02-10 09:00:00,2015-02-12 00:00:00,Approved,2015-04-08 00:00:00,Aggravated Battery With A Firearm,14928.0,2016-10-25 00:00:00
2991906353529,658831875259,2015-02-11 00:00:00,Armed Robbery,False,511780993287,344101723771,ATTEMPT FIRST DEGREE MURDER,5,2106-10-25 00:00:00,720,5,8-4(a)(720-5/9-1(a)(1)),X,0735000,Nolle Prosecution,PG to Other Count/s,Gregory Robert Ginex,District 4 - Maywood,Maywood Courthouse,19.0,White [Hispanic or Latino],Male,Franklin Park,2015-02-07 00:00:00,,FRANKLIN PARK PD,,2015-02-10 09:00:00,2015-02-12 00:00:00,Approved,2015-04-08 00:00:00,Aggravated Battery With A Firearm,14928.0,2016-10-25 00:00:00
2991906353529,658831875259,2015-02-11 00:00:00,Armed Robbery,False,511781059324,344101768068,AGGRAVATED BATTERY,14,2106-10-25 00:00:00,720,5,12-3.05(f)(1),3,0016122,Nolle Prosecution,PG to Other Count/s,Gregory Robert Ginex,District 4 - Maywood,Maywood Courthouse,19.0,White [Hispanic or Latino],Male,Franklin Park,2015-02-07 00:00:00,,FRANKLIN PARK PD,,2015-02-10 09:00:00,2015-02-12 00:00:00,Approved,2015-04-08 00:00:00,Aggravated Battery With A Firearm,14928.0,2016-10-25 00:00:00
2991906353529,658831875259,2015-02-11 00:00:00,Armed Robbery,True,511779936690,344101015017,ATTEMPT FIRST DEGREE MURDER,1,2106-10-25 00:00:00,720,5,8-4(a)(720-5/9-1(a)(1)),X,0735000,Nolle Prosecution,PG to Other Count/s,Gregory Robert Ginex,District 4 - Maywood,Maywood Courthouse,19.0,White [Hispanic or Latino],Male,Franklin Park,2015-02-07 00:00:00,,FRANKLIN PARK PD,,2015-02-10 09:00:00,2015-02-12 00:00:00,Approved,2015-04-08 00:00:00,Aggravated Battery With A Firearm,14928.0,2016-10-25 00:00:00
2999223559039,661415929394,2015-04-07 00:00:00,Theft,True,513065220265,344984476810,THEFT,1,2115-07-09 00:00:00,720,5,16-1(a)(1)(B),3,0015481,Plea Of Guilty,,Paula M Daleo,District 4 - Maywood,Maywood Courthouse,19.0,White,Male,Franklin Park,2015-04-03 00:00:00,2015-04-04 00:00:00,FRANKLIN PARK PD,,2015-04-06 10:23:00,2015-04-07 00:00:00,Approved,2015-07-09 00:00:00,Theft,9456.0,2016-05-05 00:00:00
3007314874280,664268308701,2015-06-10 00:00:00,Sex Crimes,False,516699846103,347477164436,AGGRAVATED CRIMINAL SEXUAL ASSAULT,32,2029-06-04 00:00:00,720,5,11-1.30(a)(4),X,0015797,Plea Of Guilty,,Joseph Michael Claps,District 1 - Chicago,26Th Street,32.0,Black,Male,Chicago,2014-03-19 00:00:00,,CHICAGO PD,,2015-06-10 12:05:00,2015-06-11 00:00:00,Approved,2015-07-22 00:00:00,Sex Crimes,16992.0,2017-05-18 00:00:00
3007754782156,664437124102,2015-06-12 00:00:00,Narcotics,True,515657909904,346765265395,POSSESSION OF CANNABIS,1,2216-02-17 00:00:00,720,550,4(d),4,5015400,Plea Of Guilty,,Frank G Zelezinski,District 6 - Markham,Markham Courthouse,27.0,Black,Male,Chicago Heights,2015-06-11 00:00:00,,CHICAGO HEIGHTS PD,,2015-06-11 15:44:00,,,2015-08-14 00:00:00,Narcotics,8652.0,2016-06-06 12:00:00
3026010958983,670924614871,2015-10-27 00:00:00,Criminal Damage To Property,True,521145475773,355243512981,CRIM DAMAGE TO PROPERTY <$300,1,2106-04-21 00:00:00,720,5,21-1(a)(1),A,0017217,Plea Of Guilty,,Marc W Martin,District 3 - Rolling Meadows,Rolling Meadows Courthouse,26.0,White,Male,Streamwood,2015-10-13 00:00:00,,STREAMWOOD PD,,2015-10-27 19:35:00,2015-10-27 00:00:00,Approved,2015-12-07 00:00:00,Criminal Damage to Property,6036.0,2016-07-04 12:00:00
3031359256429,672839573108,2015-12-10 00:00:00,Retail Theft,True,522964868867,351756354975,RETAIL THEFT,1,2047-08-08 00:00:00,720,5,16-25(a)(4),3,0016741,Plea Of Guilty,,Michele M Pitman,District 6 - Markham,Markham Courthouse,21.0,Black,Female,Lansing,2015-12-06 00:00:00,2015-12-06 00:00:00,LANSING PD,,2015-12-10 16:45:00,2015-12-10 00:00:00,Approved,2017-03-30 00:00:00,Retail Theft,7740.0,2016-10-27 12:00:00
3042401798291,677383696576,2016-03-15 00:00:00,Narcotics,False,527268452348,363840122476,POSSESSION OF A CONTROLLED SUBSTANCE,4,2047-03-17 00:00:00,720,570,402(c),4,5101110,Plea Of Guilty,,Brian K Flaherty,District 6 - Markham,Markham Courthouse,38.0,White [Hispanic or Latino],Female,Calumet City,2016-03-14 00:00:00,,CALUMET CITY PD,,2016-03-15 05:40:00,,,2016-04-19 00:00:00,Narcotics,5268.0,2016-10-20 12:00:00
3043406539336,677294332899,2016-03-29 00:00:00,Robbery,True,527038114317,361114609179,THEFT,1,2106-11-15 00:00:00,720,5,16-1(a)(1)(A),3,0015473,Plea Of Guilty,,Marc W Martin,District 3 - Rolling Meadows,Rolling Meadows Courthouse,19.0,White [Hispanic or Latino],Female,Palatine,2016-03-29 00:00:00,,PALATINE PD,,2016-03-29 13:22:00,2016-03-29 00:00:00,Approved,2016-05-05 00:00:00,Robbery,7560.0,2017-02-07 00:00:00
3048303183794,679067089721,2016-05-11 00:00:00,Narcotics,True,528775357034,355731179993,[POSSESSION OF CANNABIS WITH INTENT TO DELIVER/DELIVERY OF CANNABIS],1,2106-08-31 00:00:00,720,550,5(c),4,5020200,Nolle Prosecution,DGS Graduation,,District 6 - Markham,Markham Courthouse,24.0,Black,Male,Matteson,2016-05-07 00:00:00,,COOK COUNTY SHERIFF (IL0160000),,2016-05-07 17:00:00,,,,Narcotics,6192.0,2017-01-24 00:00:00
3050587074438,679900318208,2016-05-29 00:00:00,Robbery,True,529496219979,356222966636,AGGRAVATED ROBBERY,1,2047-01-24 00:00:00,720,5,18-1(b)(1),1,0017209,Plea Of Guilty,,Brian K Flaherty,District 6 - Markham,Markham Courthouse,40.0,Black,Male,Chicago Heights,2016-05-27 00:00:00,,CHICAGO HEIGHTS PD,,2016-05-27 22:40:00,2016-05-29 00:00:00,Approved,2016-06-21 00:00:00,Aggravated Robbery,7680.0,2017-04-14 00:00:00
3066530531707,685878787228,2016-10-18 00:00:00,Sex Crimes,False,536226607453,360831151898,PREDATORY CRIMINAL SEXUAL ASSAULT OF A CHILD,7,2071-03-21 00:00:00,720,5,11-1.40(a)(1),X,0015807,Plea Of Guilty,,Stanley  Sacks,District 1 - Chicago,26Th Street,38.0,Black,Male,Chicago,2016-09-04 00:00:00,,CHICAGO PD,,2016-10-19 19:00:00,2016-10-21 00:00:00,Approved,2016-11-30 00:00:00,Kidnapping,6672.0,2017-07-23 00:00:00
3068432172304,686596740473,2016-11-07 00:00:00,Aggravated Battery,True,535762233302,360509864875,AGGRAVATED BATTERY,1,2048-05-04 00:00:00,720,5,12-3.05(d)(7),3,0016111,Plea Of Guilty,,Lauren Gottainer Edidin,District 2 - Skokie,Skokie Courthouse,25.0,Black,Male,Chicago,2016-11-06 00:00:00,,CHICAGO PD,,2016-11-06 14:39:00,2016-11-07 00:00:00,Approved,2016-12-12 00:00:00,Aggravated Battery,5592.0,2017-06-28 00:00:00
3072673225899,688178438535,2016-12-17 00:00:00,Residential Burglary,True,537243383449,361532951195,RESIDENTIAL BURGLARY,1,2118-06-20 00:00:00,720,5,19-3(a),1,1120000,Nolle Prosecution,,Brian K Flaherty,District 6 - Markham,Markham Courthouse,48.0,Black,Male,Riverdale,2016-12-17 00:00:00,,RIVERDALE PD,,2016-12-17 10:30:00,2016-12-18 00:00:00,Approved,2017-02-23 00:00:00,Residential Burglary,5856.0,2017-08-18 00:00:00
3072938024814,688269129009,2016-12-20 00:00:00,Failure To Register As A Sex Offender,True,537330024360,361592840904,VIOLATION OF THE SEX OFFENDER REGISTRATION ACT,1,2107-01-13 00:00:00,730,150,3(b),2,0013774,Nolle Prosecution,,James R Brown,District 1 - Chicago,26Th Street,29.0,White,Male,Chicago,2016-12-20 00:00:00,,CHICAGO PD,,2016-12-20 06:30:00,2016-12-20 00:00:00,Approved,,Failure to Register as a Sex Offender,5928.0,2017-08-24 00:00:00
3078258561083,690173941151,2017-02-07 00:00:00,Narcotics,True,539148096707,363823200975,MFG/DEL CANNABIS/2.5-10 GRAMS,1,2047-03-15 00:00:00,720,550,5(b),A,5020100,Plea Of Guilty,,Darron Edward Bowden,District 6 - Markham,Markham Courthouse,22.0,Black,Male,Markham,2017-02-05 00:00:00,,MARKHAM PD,,2017-02-05 05:05:00,,,2017-03-15 00:00:00,Narcotics,4164.0,2017-07-30 12:00:00
3088316648913,693787355581,2017-05-04 00:00:00,Attempt Homicide,False,542535280858,365196987607,AGGRAVATED BATTERY,5,2118-10-04 00:00:00,720,5,12-3.05(f)(1),3,0016122,Nolle Prosecution,,Michele M Pitman,District 6 - Markham,Markham Courthouse,,Black,Male,,,,,,2017-05-04 16:00:00,2017-05-04 00:00:00,Approved,2017-05-23 00:00:00,Aggravated Battery With A Firearm,7200.0,2018-02-28 00:00:00
3088316648913,693787355581,2017-05-04 00:00:00,Attempt Homicide,False,542564535373,365216611232,AGGRAVATED BATTERY,3,2118-10-04 00:00:00,720,5,12-3.05(a)(1),3,0016094,Nolle Prosecution,,Michele M Pitman,District 6 - Markham,Markham Courthouse,,Black,Male,,,,,,2017-05-04 16:00:00,2017-05-04 00:00:00,Approved,2017-05-23 00:00:00,Aggravated Battery With A Firearm,7200.0,2018-02-28 00:00:00
3088316648913,693787355581,2017-05-04 00:00:00,Attempt Homicide,False,542564601410,365216655529,AGGRAVATED BATTERY,4,2118-10-04 00:00:00,720,5,12-3.05(a)(1),3,0016094,Nolle Prosecution,,Michele M Pitman,District 6 - Markham,Markham Courthouse,,Black,Male,,,,,,2017-05-04 16:00:00,2017-05-04 00:00:00,Approved,2017-05-23 00:00:00,Aggravated Battery With A Firearm,8460.0,2018-04-21 12:00:00
3088316648913,693787355581,2017-05-04 00:00:00,Attempt Homicide,True,542535082746,365196854716,ATTEMPT FIRST DEGREE MURDER,1,2118-10-04 00:00:00,720,5,8-4(a)(720-5/9-1(a)(1)),X,0735000,Nolle Prosecution,,Michele M Pitman,District 6 - Markham,Markham Courthouse,,Black,Male,,,,,,2017-05-04 16:00:00,2017-05-04 00:00:00,Approved,2017-05-23 00:00:00,Aggravated Battery With A Firearm,9720.0,2018-06-13 00:00:00
3091865808568,695084650813,2017-06-04 00:00:00,Aggravated Dui,True,543775196822,366020603989,AGGRAVATED DRIVING UNDER THE INFLUENCE OF ALCOHOL,1,2107-11-30 00:00:00,625,5,11-501(a),4,0014716,Plea Of Guilty,,William B Raines,District 5 - Bridgeview,Bridgeview Courthouse,50.0,Black,Male,Chicago,2017-06-04 00:00:00,,CHICAGO PD,,2017-06-04 21:36:00,2017-06-04 00:00:00,Approved,2017-07-17 00:00:00,Aggravated DUI,6456.0,2018-02-28 00:00:00
3095798286007,696528518085,2017-07-09 00:00:00,Criminal Damage To Property,True,545166668343,366979680968,CRIMINAL DAMAGE TO GOVERNMENT SUPPORTED PROPERTY,1,2029-02-17 00:00:00,720,5,21-1.01(a)(1),3,0017491,Plea Of Guilty,,Kerry M Kennedy,District 5 - Bridgeview,Bridgeview Courthouse,24.0,White,Male,Hickory Hills,2017-07-08 00:00:00,2017-07-08 00:00:00,HICKORY HILLS PD,,2017-07-08 23:08:00,2017-07-09 00:00:00,Approved,2017-08-08 00:00:00,Criminal Damage to Property,7632.0,2018-05-23 00:00:00
3096772062663,696883865527,2017-07-17 00:00:00,Narcotics,True,554874280535,373683120081,POSS CAN/>100-500 GRAM/1ST,1,2108-02-13 00:00:00,720,550,4(d),4,0018155,Nolle Prosecution,,Ramon  Ocasio,District 4 - Maywood,Maywood Courthouse,,White,Male,,,,,,2017-07-13 02:12:00,,,,Narcotics,5136.0,2018-02-16 00:00:00
3098703599912,697586287443,2017-07-28 00:00:00,Narcotics,False,548003960066,368941777672,[POSSESSION OF CANNABIS WITH INTENT TO DELIVER/DELIVERY OF CANNABIS],2,2108-01-30 00:00:00,720,550,5(d),3,5020300,Plea Of Guilty,,Geary W Kull,District 4 - Maywood,Maywood Courthouse,21.0,White,Male,Northlake,2017-07-27 00:00:00,2017-07-27 00:00:00,COOK COUNTY SHERIFF (IL0160000),,2017-07-27 19:30:00,,,2017-10-03 00:00:00,Narcotics,6804.0,2018-05-07 12:00:00
3112895967581,702776951262,2017-12-06 00:00:00,Narcotics,True,550957741550,370985602565,POSSESSION OF A CONTROLLED SUBSTANCE,1,2027-12-28 00:00:00,720,570,402(c),4,5101110,Nolle Prosecution,No Lab,Peter A Felice,District 5 - Bridgeview,Bridgeview Courthouse,22.0,White,Male,Alsip,2017-12-05 00:00:00,,ALSIP PD,,2017-12-05 04:04:00,,,,Narcotics,5652.0,2018-07-29 12:00:00
3116693910087,704133015794,2018-01-09 00:00:00,Narcotics,True,555217410240,374426470078,ATTEMPT POSSESSION OF A CONTROLLED SUBSTANCE,1,2081-03-28 00:00:00,720,5,8-4(570/402(c)),A,5101110,Plea Of Guilty,,Ramon  Ocasio,District 4 - Maywood,Maywood Courthouse,30.0,Black,Male,Maywood,2018-01-08 00:00:00,2018-01-08 00:00:00,MAYWOOD PD,,2018-01-08 16:08:00,,,,Narcotics,6888.0,2018-10-23 00:00:00
3119970796664,705331737817,2018-02-12 00:00:00,Aggravated Battery,True,553417828331,372681916539,AGGRAVATED BATTERY,1,2048-03-01 00:00:00,720,5,12-3.05(d)(9),3,0016113,Nolle Prosecution,Complaining Witness Not in Court,Marvin P Luckman,District 1 - Chicago,Belmont & Western (Area 3),44.0,Black,Male,Chicago,2018-02-11 00:00:00,,CHICAGO PD,,2018-02-11 18:16:00,2018-02-12 00:00:00,Approved,,Aggravated Battery,5808.0,2018-10-12 00:00:00
3132053314910,709704158151,2018-05-25 00:00:00,Narcotics,True,557450196705,375457042612,POSSESSION OF A CONTROLLED SUBSTANCE,1,2028-06-28 00:00:00,720,570,402(c),4,5101110,Nolle Prosecution,Nolle - AONIC,,District 1 - Chicago,Harrison & Kedzie (Area 4),34.0,White,Male,Chicago,2018-05-23 00:00:00,,CHICAGO PD,District 12 - Monroe,2018-05-23 19:04:00,,,,Narcotics,6828.0,2019-03-05 12:00:00
3135939879634,711069041980,2018-06-27 00:00:00,Narcotics,True,558739376479,376341390347,POSSESSION OF A CONTROLLED SUBSTANCE,1,2118-08-10 00:00:00,720,570,402(c),4,5101110,Nolle Prosecution,DDPP Graduate,,District 1 - Chicago,727 E. 111Th Street (Area 2),66.0,Black,Male,Chicago,2018-06-19 00:00:00,,CHICAGO PD,District 3 - Grand Crossing,2018-06-19 17:42:00,,,,Narcotics,11328.0,2019-10-12 00:00:00
3155554218640,717885890581,2018-12-06 00:00:00,Narcotics,False,565044153685,380682331074,POSSESSION OF A CONTROLLED SUBSTANCE,2,2022-03-16 00:00:00,720,570,402(c),4,5101110,Nolle Prosecution,,Michele M Pitman,District 6 - Markham,Markham Courthouse,25.0,Black,Male,Chicago Heights,2018-12-04 00:00:00,,CHICAGO HEIGHTS PD,,2018-12-03 06:20:00,,,2019-02-01 00:00:00,Narcotics,5520.0,2019-07-24 00:00:00
3155554218640,717885890581,2018-12-06 00:00:00,Narcotics,False,566503313418,381691995366,[POSSESSION OF CANNABIS WITH INTENT TO DELIVER/DELIVERY OF CANNABIS],3,2022-03-16 00:00:00,720,550,5(c),4,5020200,Nolle Prosecution,,Michele M Pitman,District 6 - Markham,Markham Courthouse,25.0,Black,Male,Chicago Heights,2018-12-04 00:00:00,,CHICAGO HEIGHTS PD,,2018-12-03 06:20:00,,,2019-02-01 00:00:00,Narcotics,5520.0,2019-07-24 00:00:00
3155554218640,717885890581,2018-12-06 00:00:00,Narcotics,True,566548945178,381723180540,[POSSESSION OF CONTROLLED SUBSTANCE WITH INTENT TO DELIVER/DELIVERY OF A CONTROLLED SUBSTANCE],1,2022-03-16 00:00:00,720,570,401(c)(2),1,5096200,Nolle Prosecution,,Michele M Pitman,District 6 - Markham,Markham Courthouse,25.0,Black,Male,Chicago Heights,2018-12-04 00:00:00,,CHICAGO HEIGHTS PD,,2018-12-03 06:20:00,,,2019-02-01 00:00:00,Narcotics,5520.0,2019-07-24 00:00:00
3159102310558,719052067056,2019-01-07 00:00:00,Aggravated Dui,True,565961081314,381317064529,AGGRAVATED DRIVING UNDER THE INFLUENCE OF ALCOHOL,1,2109-04-22 00:00:00,625,5,11-501(a),4,0014716,BFW,,Steven J Goebel,District 3 - Rolling Meadows,Rolling Meadows Courthouse,28.0,White [Hispanic or Latino],Male,Elk Grove Village,2019-01-07 00:00:00,2019-01-07 00:00:00,MOUNT PROSPECT PD,,2019-01-07 00:57:00,2019-01-07 00:00:00,Approved,2019-02-06 00:00:00,Aggravated DUI,6144.0,2019-09-20 00:00:00
3164443133840,720912158336,2019-02-22 00:00:00,Uuw - Unlawful Use Of Weapon,False,568487601598,383057985705,UNLAWFUL USE OR POSSESSION OF A WEAPON BY A FELON,2,2029-02-21 00:00:00,720,5,24-1.1(a),2,0012309,Plea Of Guilty,,Peggy  Chiampas,District 1 - Chicago,26Th Street,30.0,White [Hispanic or Latino],Male,Chicago,2019-02-21 00:00:00,,CHICAGO PD,,2019-02-21 20:58:00,,,2019-03-28 00:00:00,UUW - Unlawful Use of Weapon,5028.0,2019-09-19 12:00:00
