case_id,case_participant_id,received_date,offense_category,primary_charge_flag,charge_id,charge_version_id,charge_offense_title,charge_count,chapter,act,section,class,aoic,event,event_date,finding_no_probable_cause,arraignment_date,bond_date_initial,bond_date_current,bond_type_initial,bond_type_current,bond_amount_initial,bond_amount_current,bond_electronic_monitor_flag_initial,bond_electroinic_monitor_flag_current,age_at_incident,race,gender,incident_city,incident_begin_date,incident_end_date,law_enforcement_agency,law_enforcement_unit,arrest_date,felony_review_date,felony_review_result,updated_offense_category,arraignment_date_new
2809372346429,596722012414,2011-07-15 00:00:00,Retail Theft,True,455887237851,306059267159,RETAIL THEFT,1,720,5,16A-3(a),4,0015600,Preliminary Hearing,2011-07-22 00:00:00,,2100-08-12 00:00:00,2011-07-16 00:00:00,2011-07-16 00:00:00,D Bond,D Bond,20000.0,20000.0,,,47.0,Black,Male,Chicago,2011-07-15 00:00:00,,CHICAGO PD,,2011-07-15 18:20:00,2011-07-15 00:00:00,Approved,Retail Theft,2011-08-12 00:00:00
2869798818251,616134924954,2012-08-24 00:00:00,Burglary,True,474162262564,318485495706,BURGLARY,1,720,5,19-1(a),2,1110000,Preliminary Hearing,2012-09-06 00:00:00,,2103-07-10 00:00:00,2012-08-23 00:00:00,2012-08-23 00:00:00,D Bond,D Bond,50000.0,50000.0,,,18.0,Black,Male,Chicago,2012-08-24 00:00:00,,CHICAGO PD,,2012-08-23 00:50:00,,,Burglary,2012-07-10 00:00:00
2902866650533,627205640678,2013-04-29 00:00:00,Residential Burglary,True,485118177454,325930202851,RESIDENTIAL BURGLARY,1,720,5,19-3(a),1,1120000,Preliminary Hearing,2013-05-20 00:00:00,,2103-06-06 00:00:00,,,,,,,,,24.0,White,Male,Chicago Ridge,2013-04-17 00:00:00,,CHICAGO RIDGE PD,,2013-04-26 00:05:00,2013-04-27 00:00:00,Approved,Residential Burglary,2013-06-06 00:00:00
2902866650533,627206187006,2013-04-29 00:00:00,Residential Burglary,True,485118177454,325930202851,RESIDENTIAL BURGLARY,1,720,5,19-3(a),1,1120000,Preliminary Hearing,2013-05-20 00:00:00,,2103-06-06 00:00:00,,,,,,,,,23.0,White,Female,Chicago Ridge,2013-04-17 00:00:00,,CHICAGO RIDGE PD,,2013-04-27 12:45:00,2013-04-27 00:00:00,Approved,Residential Burglary,2013-06-06 00:00:00
3059093739591,683025861593,2016-08-11 00:00:00,Other Offense,False,533318523766,358825954095,"FELONY DRIVING WHILE DRIVER?S LICENSE, PERMIT, OR PRIVILEGE TO OPERATE A MOTOR VEHICLE IS SUSPENDED OR REVOKED",2,625,5,6-303(a),4,0014058,Preliminary Hearing,2016-09-01 00:00:00,,2106-09-15 00:00:00,,,,,,,,,33.0,Black,Male,Chicago,2016-08-11 00:00:00,,CHICAGO PD,,2016-08-11 00:20:00,2016-08-11 00:00:00,Approved,Driving With Suspended Or Revoked License,2016-09-15 00:00:00
3059093739591,683025861593,2016-08-11 00:00:00,Other Offense,False,533318589804,358825998392,"FELONY DRIVING WHILE DRIVER?S LICENSE, PERMIT, OR PRIVILEGE TO OPERATE A MOTOR VEHICLE IS SUSPENDED OR REVOKED",3,625,5,6-303(a),4,0014057,Preliminary Hearing,2016-09-01 00:00:00,,2106-09-15 00:00:00,,,,,,,,,33.0,Black,Male,Chicago,2016-08-11 00:00:00,,CHICAGO PD,,2016-08-11 00:20:00,2016-08-11 00:00:00,Approved,Driving With Suspended Or Revoked License,2016-09-15 00:00:00
3059093739591,683025861593,2016-08-11 00:00:00,Other Offense,False,533318655841,358826042689,"FELONY DRIVING WHILE DRIVER?S LICENSE, PERMIT, OR PRIVILEGE TO OPERATE A MOTOR VEHICLE IS SUSPENDED OR REVOKED",4,625,5,6-303(a),4,0014057,Preliminary Hearing,2016-09-01 00:00:00,,2106-09-15 00:00:00,,,,,,,,,33.0,Black,Male,Chicago,2016-08-11 00:00:00,,CHICAGO PD,,2016-08-11 00:20:00,2016-08-11 00:00:00,Approved,Driving With Suspended Or Revoked License,2016-09-15 00:00:00
3059093739591,683025861593,2016-08-11 00:00:00,Other Offense,False,533318853953,358826175581,"FELONY DRIVING WHILE DRIVER?S LICENSE, PERMIT, OR PRIVILEGE TO OPERATE A MOTOR VEHICLE IS SUSPENDED OR REVOKED",5,625,5,6-303(a),4,0014056,Preliminary Hearing,2016-09-01 00:00:00,,2106-09-15 00:00:00,,,,,,,,,33.0,Black,Male,Chicago,2016-08-11 00:00:00,,CHICAGO PD,,2016-08-11 00:20:00,2016-08-11 00:00:00,Approved,Driving With Suspended Or Revoked License,2016-09-15 00:00:00
3059093739591,683025861593,2016-08-11 00:00:00,Other Offense,False,533318919990,358826219878,"FELONY DRIVING WHILE DRIVER?S LICENSE, PERMIT, OR PRIVILEGE TO OPERATE A MOTOR VEHICLE IS SUSPENDED OR REVOKED",6,625,5,6-303(a),4,0014056,Preliminary Hearing,2016-09-01 00:00:00,,2106-09-15 00:00:00,,,,,,,,,33.0,Black,Male,Chicago,2016-08-11 00:00:00,,CHICAGO PD,,2016-08-11 00:20:00,2016-08-11 00:00:00,Approved,Driving With Suspended Or Revoked License,2016-09-15 00:00:00
3059093739591,683025861593,2016-08-11 00:00:00,Other Offense,True,532522840583,358291465026,"FELONY DRIVING WHILE DRIVER?S LICENSE, PERMIT, OR PRIVILEGE TO OPERATE A MOTOR VEHICLE IS SUSPENDED OR REVOKED",1,625,5,6-303(a),4,0014058,Preliminary Hearing,2016-09-01 00:00:00,,2106-09-15 00:00:00,,,,,,,,,33.0,Black,Male,Chicago,2016-08-11 00:00:00,,CHICAGO PD,,2016-08-11 00:20:00,2016-08-11 00:00:00,Approved,Driving With Suspended Or Revoked License,2016-09-15 00:00:00
3083102886400,691899167424,2017-03-21 00:00:00,Retail Theft,True,540714368907,363938993651,RETAIL THEFT,1,720,5,16-25(a)(1),3,0016722,Preliminary Hearing,2017-04-06 00:00:00,,2117-04-20 00:00:00,2017-03-28 00:00:00,2017-03-28 00:00:00,D Bond,D Bond,50000.0,50000.0,,,64.0,Black,Male,Chicago,2017-03-21 00:00:00,,CHICAGO PD,,2017-03-21 12:35:00,2017-03-21 00:00:00,Approved,Retail Theft,2017-04-20 00:00:00
3098813576881,697629057133,2017-08-03 00:00:00,Aggravated Dui,False,546491112025,367890739868,AGGRAVATED DRIVING UNDER THE INFLUENCE OF ALCOHOL,2,625,5,11-501(a),4,0014716,Preliminary Hearing,2017-08-09 00:00:00,,2107-08-23 00:00:00,,,,,,,,,36.0,White [Hispanic or Latino],Male,Chicago,2017-08-03 00:00:00,,CHICAGO PD,,2017-08-03 02:26:00,2017-08-03 00:00:00,Approved,Aggravated DUI,2017-08-23 00:00:00
3098813576881,697629057133,2017-08-03 00:00:00,Aggravated Dui,False,546491244099,367890828462,AGGRAVATED DRIVING UNDER THE INFLUENCE OF ALCOHOL,3,625,5,11-501(a),4,0014717,Preliminary Hearing,2017-08-09 00:00:00,,2107-08-23 00:00:00,,,,,,,,,36.0,White [Hispanic or Latino],Male,Chicago,2017-08-03 00:00:00,,CHICAGO PD,,2017-08-03 02:26:00,2017-08-03 00:00:00,Approved,Aggravated DUI,2017-08-23 00:00:00
3098813576881,697629057133,2017-08-03 00:00:00,Aggravated Dui,False,546491376174,367890917056,AGGRAVATED DRIVING UNDER THE INFLUENCE OF ALCOHOL,4,625,5,11-501(a),4,0014717,Preliminary Hearing,2017-08-09 00:00:00,,2107-08-23 00:00:00,,,,,,,,,36.0,White [Hispanic or Latino],Male,Chicago,2017-08-03 00:00:00,,CHICAGO PD,,2017-08-03 02:26:00,2017-08-03 00:00:00,Approved,Aggravated DUI,2017-08-23 00:00:00
3098813576881,697629057133,2017-08-03 00:00:00,Aggravated Dui,True,546288773800,367752267066,AGGRAVATED DRIVING UNDER THE INFLUENCE OF ALCOHOL,1,625,5,11-501(a),4,0014716,Preliminary Hearing,2017-08-09 00:00:00,,2107-08-23 00:00:00,,,,,,,,,36.0,White [Hispanic or Latino],Male,Chicago,2017-08-03 00:00:00,,CHICAGO PD,,2017-08-03 02:26:00,2017-08-03 00:00:00,Approved,Aggravated DUI,2017-08-23 00:00:00
3119731623450,705246120390,2018-02-08 00:00:00,Narcotics,True,554234973630,373241876453,[POSSESSION OF CONTROLLED SUBSTANCE WITH INTENT TO DELIVER/ DELIVERY OF A CONTROLLED SUBSTANCE],1,720,570,401(d)(i),2,5097200,Indictment,2018-03-06 00:00:00,,2048-03-20 00:00:00,2018-02-07 00:00:00,2018-02-07 00:00:00,D Bond,D Bond,5000.0,5000.0,,,,White,Male,,,,,,2018-02-06 12:28:00,,,Narcotics,2018-03-20 00:00:00
3150187769656,716054676646,2018-10-19 00:00:00,Narcotics,True,563383976473,379531314667,[POSSESSION OF CANNABIS WITH INTENT TO DELIVER/DELIVERY OF CANNABIS],1,720,550,5(c),4,5020200,Preliminary Hearing,2018-11-21 00:00:00,,2108-11-21 00:00:00,2018-10-18 00:00:00,2018-10-18 00:00:00,I Bond,I Bond,10000.0,10000.0,,,26.0,Black,Male,Chicago,2018-10-17 00:00:00,,CHICAGO PD,District 10 - Ogden,2018-10-17 11:55:00,,,Narcotics,2018-11-21 00:00:00
3169828802101,722727997036,2019-04-05 00:00:00,Sex Crimes,False,573107899873,386228950856,EXPLOIT CHILD<13/EXPOSE SELF,4,720,5,11-9.1(a)(2),4,0013731,Indictment,2019-07-17 00:00:00,,2109-07-24 00:00:00,2019-06-28 00:00:00,2019-06-28 00:00:00,No Bond,No Bond,,,,,35.0,White [Hispanic or Latino],Male,Chicago,2017-04-17 00:00:00,2019-03-06 00:00:00,CHICAGO PD,,2019-06-27 11:18:00,2019-06-27 00:00:00,Approved,Sex Crimes,2019-07-24 00:00:00
3169828802101,722727997036,2019-04-05 00:00:00,Sex Crimes,False,573107965911,386228995154,AGGRAVATED CRIMINAL SEXUAL ABUSE,2,720,5,11-1.60(c)(1)(i),2,0015826,Indictment,2019-07-17 00:00:00,,2109-07-24 00:00:00,2019-06-28 00:00:00,2019-06-28 00:00:00,No Bond,No Bond,,,,,35.0,White [Hispanic or Latino],Male,Chicago,2017-04-17 00:00:00,2019-03-06 00:00:00,CHICAGO PD,,2019-06-27 11:18:00,2019-06-27 00:00:00,Approved,Sex Crimes,2019-07-24 00:00:00
3169828802101,722727997036,2019-04-05 00:00:00,Sex Crimes,False,573108031948,386229039451,ATTEMPT AGGRAVATED CRIMINAL SEXUAL ABUSE,3,720,5,8-4(11-1.60(c)(1)(i)),3,0015826,Indictment,2019-07-17 00:00:00,,2109-07-24 00:00:00,2019-06-28 00:00:00,2019-06-28 00:00:00,No Bond,No Bond,,,,,35.0,White [Hispanic or Latino],Male,Chicago,2017-04-17 00:00:00,2019-03-06 00:00:00,CHICAGO PD,,2019-06-27 11:18:00,2019-06-27 00:00:00,Approved,Sex Crimes,2019-07-24 00:00:00
3169828802101,722727997036,2019-04-05 00:00:00,Sex Crimes,True,573107833836,386228906559,AGGRAVATED CRIMINAL SEXUAL ABUSE,1,720,5,11-1.60(c)(1)(i),2,0015826,Indictment,2019-07-17 00:00:00,,2109-07-24 00:00:00,2019-06-28 00:00:00,2019-06-28 00:00:00,No Bond,No Bond,,,,,35.0,White [Hispanic or Latino],Male,Chicago,2017-04-17 00:00:00,2019-03-06 00:00:00,CHICAGO PD,,2019-06-27 11:18:00,2019-06-27 00:00:00,Approved,Sex Crimes,2019-07-24 00:00:00
