OBJECTID,Fac_Name,Agency,SubType,Addr,Muni,Bldg,BldgArea,PrimUse,PIN_1,geometry
1,County Building,Multiple,Admin,118 N. Clark St.,Chicago,Main,627715.0,Public,17094470040000,POINT (-87.6312097772511 41.88381908457081)
2,George W. Dunne Administration Building- Main,Multiple,Admin,69 W. Washington St.,Chicago,Main,770600.0,Admin,17094610158001,POINT (-87.63010506778625 41.88288121214772)
32,Public Administrator Warehouse,Adminstrator,Admin,7232 N. Western,Chicago,Main,7500.0,Storage/Public Service,10254280110000,POINT (-87.69078948292398 42.01333399705457)
34,Criminal Courts (26th/California),Circuit Court,Court,2650 S. California,Chicago,,307567.0,Courts,16253060010000,POINT (-87.69603712613348 41.84389474505192)
55,DOC Guard House B,Sheriff,PS,2602 S. California,Chicago,,200.0,,16253060020000,POINT (-87.69602438291238 41.84246796826579)
60,DOC Guard House G,Sheriff,PS,2828 W. 31st Street,Chicago,,384.0,,1625313001powr,POINT (-87.69721965831931 41.83756740882499)
62,DOC Guard House I,Sheriff,PS,2801 S. Sacramento Ave.,Chicago,,160.0,,16253060020000,POINT (-87.69970942828949 41.840816300215)
105,DOC Parking Structure,Sheriff,PS,26th/California,Chicago,,,Parking,16254000120000,POINT (-87.69298804346489 41.84412500056516)
106,Daley Center,Circuit Court,Court,50 W. Washington St.,Chicago,,1133500.0,Courts,17094490200000,POINT (-87.63019059606688 41.88408939758353)
107,Domestic Violence Courthouse,Circuit Court,Court,555 W. Harrison St.,Chicago,,200334.0,Courts,17163040130000,POINT (-87.64168939659656 41.8739310072813)
108,Juvenile West (Courthouse),Circuit Court,Court,1100 S. Hamilton Ave.,Chicago,,436815.0,Courts,17183360220000,POINT (-87.68216262317287 41.86712807080085)
109,Markham Courthouse (6th District),Circuit Court,Court,16501 S. Kedzie,Markham,,323127.0,Courts,28243050430000,POINT (-87.69309471917623 41.59018382271018)
110,Maywood Campus Site,Circuit Court,Court,1500 Maybrook Dr,Maywood,,,,15142100210000,POINT (-87.82630441882242 41.8739167085334)
111,Maywood Courthouse (4th District),Circuit Court,Court,1500 Maybrook Dr.,Maywood,,191704.0,Courts,15142100210000,POINT (-87.82649932031701 41.87302523728033)
113,Rolling Meadows Courthouse (3rd District),Circuit Court,Court,2121 Euclid Avenue,Rolling Meadows,,341798.0,Courts,02254020050000,POINT (-88.00665679810631 42.08741658518381)
115,Skokie Courthouse (2nd District),Circuit Court,Court,5600 Old Orchard Rd.,Skokie,,333245.0,Courts,10082020060000,POINT (-87.76603174904996 42.06320033111567)
117,Circuit Court Branch 23/50,Circuit Court,Court,5555 W. Grand,Chicago,,50150.0,Courts,13331000100000,POINT (-87.76487006815151 41.9180161572408)
118,Circuit Court Branch 34/38,Circuit Court,Court,155 W. 51st St.,Chicago,,32240.0,Courts,20094041180000,POINT (-87.62999599969893 41.80139140462813)
119,Circuit Court Branch 43/44,Circuit Court,Court,3150 W. Flournoy,Chicago,,21400.0,Courts,16133000450000,POINT (-87.70542821674489 41.87353443124844)
120,Bridgeview Courthouse (5th District),Circuit Court,Court,10220 S. 76th Ave.,Bridgeview,,342263.0,Courts,23124000180000,POINT (-87.80953531948853 41.705810820197)
121,Circuit Court Branch 35/38,Circuit Court,Court,727 E. 111th St.,Chicago,,85082.0,Courts,25231010140000,POINT (-87.60398957773383 41.69217038117367)
122,Circuit Court Branch 29/42,Circuit Court,Court,2452 W Belmont Ave,Chicago,,9189.0,Courts,17343020140000,POINT (-87.68947599695591 41.9397302167353)
126,Juvenile Temporary Detention Center,Circuit Court,Court,1100 S. Hamilton Ave.,Chicago,,627147.0,Detention,17183300240000,POINT (-87.68099293823576 41.86762394309552)
127,JTDC Parking Structure,Circuit Court,Court,10351 S. Woodlawn Ave.,Chicago,,950233.0,Parking,25142000030000,POINT (-87.59362114580745 41.70658086522467)
130,Whitcomb Building,Multiple,PS,1311 Maybrook Dr.,Maywood,,45248.0,Admin,15142100220000,POINT (-87.8258003556578 41.87451716266465)
131,Adult Probation Administration,Circuit Court,PS,1640 W. Walnut,Chicago,,45248.0,Admin,17074110140000,POINT (-87.66877541552243 41.88635279797961)
132,"Child Support, State's Attorney",Circuit Court,PS,"28 N. Clark, 3rd Flr",Chicago,,37285.0,Public,17094600040000,POINT (-87.63113073588227 41.8824717563301)
140,Oak Forest Health Center Site,CCHHS,Health,15900 S. Cicero Ave.,Bremen Twp,Campus site,,Clinic,2822100001ofhs,POINT (-87.7327325117318 41.59829736558437)
141,Oak Forest Specialty Health Center,CCHHS,Health,15900 S. Cicero Ave.,Bremen Twp,,,Clinic,2822100001ofhs,POINT (-87.73253066517468 41.59731946429224)
203,Stroger Campus site,CCHHS,Health,1901 W. Harrison St.,Chicago,,,,15151240530000,POINT (-87.67424947167071 41.87289178349322)
204,John H. Stroger Jr. Hospital,CCHHS,Health,1901 W. Harrison St.,Chicago,,1188991.0,Hospital,17184020170000,POINT (-87.67442843249978 41.87254398682775)
207,John H. Stroger Jr. Parking Structure,CCHHS,Health,1800 W. Polk,Chicago,,423000.0,Parking,17184030030000,POINT (-87.67224708850868 41.87197020725581)
208,Provident Hospital,CCHHS,Health,500 E. 51st St.,Chicago,,339444.0,Hospital,20102290010000,POINT (-87.61327537330401 41.80258966562786)
209,Provident Outpatient Pharmacy,CCHHS,Health,430 E. 50th Place,Chicago,,6577.0,Pharmacy,20102220210000,POINT (-87.61441811957863 41.80335775103666)
211,John Sengstacke Clinic (former),CCHHS,Health,450 E. 51st St.,Chicago,,10807.0,Vacant,20102280050000,POINT (-87.61433349525161 41.80271429873901)
212,Provident Hospital Parking Structure,CCHHS,Health,5010 South Forrestville,Chicago,,380000.0,Parking,20102230090000,POINT (-87.61289166145944 41.80352462765951)
213,CCHHS Administration Building,CCHHS,Health,1900 W. Polk,Chicago,,326181.0,Admin,17184020300000,POINT (-87.67433842429548 41.87186968646811)
215,Hektoen Building,CCHHS,Health,13450 S. Kedzie Avenue,Chicago,,146477.0,Admin/Lab,1718404017hktn,POINT (-87.67119811282791 41.87342029150488)
216,Rob't J. Stein Institute of Forensic Medicine,Bureau of Administration,Health,2020 West Harrison,Chicago,,79368.0,Medical,17181360470000,POINT (-87.68026306378718 41.87359509397413)
218,Ruth M. Rothstein Core Center,CCHHS,Health,2020 West Harrison,Chicago,,31550.0,Clinic,17181360470000,POINT (-87.67725928609481 41.87471384943619)
220,Cicero Health Center,ACHN,Health,5912 W. Cermak Road,Cicero,,8125.0,Clinic,16204260250000,POINT (-87.77206024625131 41.85124604354895)
221,Austin Health Center,ACHN,Health,4800 W. Chicago Ave.,Chicago,,15249.0,Clinic,16044300310000,POINT (-87.74620362607511 41.89531280327082)
222,Dr. Jorge Prieto Health Center,ACHN,Health,2424 S. Pulaski Road,Chicago,,15714.0,Clinic,16272180220000,POINT (-87.72497981164564 41.84713055120593)
225,Woodlawn Health Center,ACHN,Health,6337 S. Woodlawn,Chicago,,11596.0,Clinic,20232000290000,POINT (-87.59586241821977 41.77953938710372)
227,Cottage Grove Medical Center,CCHHS/Public Health,Health,1645 Cottage Grove,Ford Heights,,13370.0,Clinic,32233000240000,POINT (-87.59648913714327 41.50426906878118)
228,Des Plaines TB Clinic,CCHHS,Health,9325 Church St.,Des Plaines,,2489.0,Clinic,09153030160000,POINT (-87.85796642486061 42.04639936211351)
229,Edward Piszczek TB Clinic,CCHHS/Public Health,Health,7556 W. Jackson,Forest Park,,19352.0,Clinic,15132160080000,POINT (-87.81454867204241 41.87557409810778)
231,Englewood Health Center,CCHHS,Health,1135 W. 69th St.,Chicago,,10770.0,Clinic,20204160180000,POINT (-87.65336642267064 41.76844778368368)
236,Logan Square Health Center,Public Health,Health,2840 W. Fullerton Ave.,Chicago,,8169.0,Clinic,13253230410000,POINT (-87.69905493947088 41.92508998903053)
238,Suburban Tuberculosis Sanitorium,CCHHS/Public,Health,5601 S. County Line Road,Hinsdale,,143000.0,,18181000260000,POINT (-87.91543448639892 41.7861394266169)
239,Children's Advocacy Center,ACHN,Health,1240 S Damen Ave,Chicago,,,Public Service,17191070220000,POINT (-87.67663052138558 41.86541144820677)
242,Green Lake Family Aquatic Center,FPDCC,FP,1224 159th St,Calumet City,,5077.0,Aquatic Center,30183080050000,POINT (-87.55343344972171 41.60263769094658)
243,Cermak Facility Aquatic Center,FPDCC,FP,7727 Ogden Ave,Lyons,Main Building,8216.0,Aquatic Center,18011070020000,POINT (-87.81205912476634 41.81873048512407)
244,Busse Lake Boating Center,FPDCC,FP,20009 Higgins Rd,Elk Grove Twp,,,Boating Center,08203000010000,POINT (-88.01515175115838 42.02440838011766)
245,Whealan Pool Aquatic Center- Concession,FPDCC,FP,6200 W Devon Ave,Chicago,Concession,712.0,Aquatic Center,10323000030000,POINT (-87.78329879910774 41.99834405605567)
246,Whealan Pool Aquatic Center- Bathhouse/ Watchman Residence,FPDCC,FP,6200 W Devon Ave,Chicago,Bathhouse/ Watchman Residence,18018.0,Aquatic Center,10323000050000,POINT (-87.78298816953948 41.99798814956013)
247,Caldwell Woods- Pavillion/ Office,FPDCC,FP,6200 W Devon Ave,Chicago,Pavillion/ Office,4759.0,Pavillion,10323000070000,POINT (-87.78640565994121 41.99781769242762)
248,Crabtree Nature Center,FPDCC,FP,3 Stover Rd,Barrington,,6891.0,Nature Center,01154010010000,POINT (-88.16357961606984 42.11558687688945)
249,Cummings Square,FPDCC,FP,536 N Harlem Ave,River Forest,Facility,8324.0,General headquarters,15122180010000,POINT (-87.80570418690311 41.88979533556287)
250,Dan Ryan Woods West- Pavillion,FPDCC,FP,2258 87th St,Chicago,,3924.0,Pavillion/ Comfort Station,20313170010000,POINT (-87.67953659545937 41.73714762655856)
251,Mathew Bieszczat Volunteer Resource Center,FPDCC,FP,6100 N Central Ave,Chicago,,7426.0,Volunteer Resource Center,13052110010000,POINT (-87.7686480623595 41.99202935925379)
252,Hall Tyrrell Trailside Museum,FPDCC,FP,738 Thatcher Ave,River Forest,,4641.0,Facility,15112000030000,POINT (-87.82624651434885 41.89323741182506)
253,Little Red Schoolhouse Nature Center,FPDCC,FP,9750 Willow Springs Rd,Willow Springs,,1250.0,Facility,23084010010000,POINT (-87.87673675363341 41.70904295507896)
254,Maple Lake Boating Center- Concession,FPDCC,FP,Wolf Rd & 95th St,Willow Springs,,,Boating Center,23081000010000,POINT (-87.89426980070307 41.71278358777371)
255,Rivertrail Nature Center- Interpretive Center,FPDCC,FP,3120 Milwaukee Ave,Des Plaines,,8173.0,Facility,04193000140000,POINT (-87.88493295798094 42.09501933282749)
256,Sagawau Environmental Learning Center,FPDCC,FP,12545 W 111th St,Lemont,,8104.0,Facility,22133040010000,POINT (-87.92571031655768 41.68922833984271)
257,Sand Ridge Nature Center,FPDCC,FP,15895 Paxton Ave,South Holland,,7417.0,Facility,29134000010000,POINT (-87.56573540072473 41.6058970138363)
258,Tampier Lake Boating Center- Concession,FPDCC,FP,11601 131st St,Orland Park,,1261.0,Boating Center,23314000030000,POINT (-87.89774739260689 41.65016759976695)
259,Thatcher Woods- Pavillion,FPDCC,FP,8020 Chicago Ave,River Forest,,5425.0,Pavillion,15024010010000,POINT (-87.82957047290635 41.89726196029569)
