case_id,case_participant_id,received_date,offense_category,primary_charge_flag,charge_id,charge_version_id,disposition_charged_offense_title,charge_count,disposition_date,disposition_charged_chapter,disposition_charged_act,disposition_charged_section,disposition_charged_class,disposition_charged_aoic,charge_disposition,charge_disposition_reason,sentence_judge,sentence_court_name,sentence_court_facility,sentence_phase,sentence_date,sentence_type,current_sentence_flag,commitment_type,commitment_term,commitment_unit,length_of_case_in_days,age_at_incident,race,gender,incident_city,incident_begin_date,incident_end_date,law_enforcement_agency,law_enforcement_unit,arrest_date,felony_review_date,felony_review_result,arraignment_date,updated_offense_category,sentence_date_new
2830449485894,603615971332,2011-12-10 00:00:00,Driving With Suspended Or Revoked License,False,463746862808,311404822306,"FELONY DRIVING WHILE DRIVER?S LICENSE, PERMIT, OR PRIVILEGE TO OPERATE A MOTOR VEHICLE IS SUSPENDED OR REVOKED",2,2012-06-26 00:00:00,625,5,6-303(a),2,0014060,Plea Of Guilty,,James L Rhodes,District 6 - Markham,Markham Courthouse,Original Sentencing,2212-06-26 00:00:00,Prison,True,Illinois Department of Corrections,2,Year(s),73207.0,48.0,Black,Male,Riverdale,2011-12-10 00:00:00,,COOK COUNTY SHERIFF'S POLICE PATROL MARKHAM (IL016B100),,2011-12-10 19:00:00,2011-12-10 00:00:00,Approved,2012-01-19 00:00:00,Driving With Suspended Or Revoked License,2012-06-26 00:00:00
2830449485894,603615971332,2011-12-10 00:00:00,Driving With Suspended Or Revoked License,False,463747655255,311405353872,POSSESSION OF A CONTROLLED SUBSTANCE,3,2012-06-26 00:00:00,720,570,402(c),4,5101110,Plea Of Guilty,,James L Rhodes,District 6 - Markham,Markham Courthouse,Original Sentencing,2212-06-26 00:00:00,Prison,True,Illinois Department of Corrections,2,Year(s),73207.0,48.0,Black,Male,Riverdale,2011-12-10 00:00:00,,COOK COUNTY SHERIFF'S POLICE PATROL MARKHAM (IL016B100),,2011-12-10 19:00:00,2011-12-10 00:00:00,Approved,2012-01-19 00:00:00,Driving With Suspended Or Revoked License,2012-06-26 00:00:00
2830449485894,603615971332,2011-12-10 00:00:00,Driving With Suspended Or Revoked License,True,462319599081,310436088554,"FELONY DRIVING WHILE DRIVER?S LICENSE, PERMIT, OR PRIVILEGE TO OPERATE A MOTOR VEHICLE IS SUSPENDED OR REVOKED",1,2012-06-26 00:00:00,625,5,6-303(a),2,0014060,Plea Of Guilty,,James L Rhodes,District 6 - Markham,Markham Courthouse,Original Sentencing,2212-06-26 00:00:00,Prison,True,Illinois Department of Corrections,2,Year(s),73207.0,48.0,Black,Male,Riverdale,2011-12-10 00:00:00,,COOK COUNTY SHERIFF'S POLICE PATROL MARKHAM (IL016B100),,2011-12-10 19:00:00,2011-12-10 00:00:00,Approved,2012-01-19 00:00:00,Driving With Suspended Or Revoked License,2012-06-26 00:00:00
2849229921865,609503905973,2012-04-22 00:00:00,Burglary,True,467954494122,314263404156,BURGLARY,1,2012-05-21 00:00:00,720,5,19-1(a),2,1110000,Plea Of Guilty,,Charles P Burns,District 1 - Chicago,26Th Street,Original Sentencing,2021-05-21 00:00:00,Jail,True,Illinois Department of Corrections,42,Months,3287.0,25.0,Black,Male,Chicago,2012-04-19 00:00:00,,CHICAGO PD,District 9 - Deering,2012-04-22 18:20:00,2012-04-22 00:00:00,Approved,2012-05-21 00:00:00,Burglary,2012-05-21 00:00:00
2858243762360,612424029971,2012-06-25 00:00:00,Residential Burglary,True,470633890709,316095311620,RESIDENTIAL BURGLARY,1,2014-04-24 00:00:00,720,5,19-3(a),1,1120000,Plea Of Guilty,,Paula M Daleo,District 4 - Maywood,Maywood Courthouse,Original Sentencing,2041-04-22 00:00:00,Jail,True,Cook County Department of Corrections,4,Days,10476.0,45.0,White,Male,Westchester,2012-06-25 00:00:00,,WESTCHESTER PD,,2012-06-25 12:00:00,2012-06-25 00:00:00,Approved,2012-08-16 00:00:00,Residential Burglary,2014-04-24 00:00:00
2863286686863,614003074439,2012-07-27 00:00:00,Narcotics,True,472218125049,317168940955,POSSESSION OF CANNABIS,1,2012-10-19 00:00:00,720,550,4(d),4,5015400,Plea Of Guilty,,Thaddeus L Wilson,District 1 - Chicago,26Th Street,Original Sentencing,2112-10-10 00:00:00,Probation,True,Probation,2,Year(s),36559.0,24.0,Black,Male,Chicago,2012-07-25 00:00:00,,CHICAGO PD,District 4 - South Chicago,2012-07-25 16:16:00,,,2012-09-05 00:00:00,Narcotics,2012-10-19 00:00:00
2893433189176,623974890099,2013-02-24 00:00:00,Reckless Homicide,False,481375448589,323390427385,RECKLESS HOMICIDE,3,2015-05-11 00:00:00,720,5,9-3(a),3,0012583,Plea Of Guilty,,William H Hooks,District 1 - Chicago,26Th Street,Original Sentencing,2051-05-11 00:00:00,Prison,True,Illinois Department of Corrections,3,Year(s),13915.0,34.0,Black,Male,Chicago,2013-02-23 00:00:00,,CHICAGO PD,District 10 - Ogden,2013-02-23 05:10:00,2013-02-24 00:00:00,Approved,2013-04-05 00:00:00,Aggravated DUI,2015-05-11 00:00:00
2893433189176,623974890099,2013-02-24 00:00:00,Reckless Homicide,False,482040906257,323840619032,AGGRAVATED DRIVING UNDER THE INFLUENCE OF ALCOHOL,4,2015-05-11 00:00:00,625,5,11-501(a),4,0014717,Plea Of Guilty,,William H Hooks,District 1 - Chicago,26Th Street,Original Sentencing,2051-05-11 00:00:00,Prison,True,Illinois Department of Corrections,3,Year(s),13915.0,34.0,Black,Male,Chicago,2013-02-23 00:00:00,,CHICAGO PD,District 10 - Ogden,2013-02-23 05:10:00,2013-02-24 00:00:00,Approved,2013-04-05 00:00:00,Aggravated DUI,2015-05-11 00:00:00
2893433189176,623974890099,2013-02-24 00:00:00,Reckless Homicide,False,482041170406,323840840517,AGGRAVATED DRIVING UNDER THE INFLUENCE OF ALCOHOL,6,2015-05-11 00:00:00,625,5,11-501(a),4,0014718,Plea Of Guilty,,William H Hooks,District 1 - Chicago,26Th Street,Original Sentencing,2051-05-11 00:00:00,Prison,True,Illinois Department of Corrections,3,Year(s),13915.0,34.0,Black,Male,Chicago,2013-02-23 00:00:00,,CHICAGO PD,District 10 - Ogden,2013-02-23 05:10:00,2013-02-24 00:00:00,Approved,2013-04-05 00:00:00,Aggravated DUI,2015-05-11 00:00:00
2893433189176,623974890099,2013-02-24 00:00:00,Reckless Homicide,True,481375382552,323390383088,AGGRAVATED DRIVING UNDER THE INFLUENCE OF ALCOHOL,1,2015-05-11 00:00:00,625,5,11-501(a),2,0014715,Plea Of Guilty,,William H Hooks,District 1 - Chicago,26Th Street,Original Sentencing,2051-05-11 00:00:00,Prison,True,Illinois Department of Corrections,3,Year(s),13915.0,34.0,Black,Male,Chicago,2013-02-23 00:00:00,,CHICAGO PD,District 10 - Ogden,2013-02-23 05:10:00,2013-02-24 00:00:00,Approved,2013-04-05 00:00:00,Aggravated DUI,2015-05-11 00:00:00
2899806514681,626147949366,2013-04-08 00:00:00,Aggravated Battery Police Officer,True,483409726991,324769751157,AGGRAVATED BATTERY,1,2013-10-16 00:00:00,720,5,12-3.05(d)(4),2,0016108,Plea Of Guilty,,Noreen Valeria Love,District 4 - Maywood,Maywood Courthouse,Original Sentencing,2113-10-16 00:00:00,Probation,True,Probation,2,Year(s),36663.0,21.0,Black,Male,Oak Park,2013-04-07 00:00:00,,RIVER FOREST PD,,2013-04-07 03:28:00,2013-04-08 00:00:00,Approved,2013-05-30 00:00:00,Aggravated Battery Police Officer,2013-10-16 00:00:00
2927618942685,635949856970,2013-10-11 00:00:00,Sex Crimes,True,491732801577,330421266523,AGGRAVATED CRIMINAL SEXUAL ASSAULT,1,2016-06-24 00:00:00,720,5,11-1.30(a)(2),X,0015795,Plea Of Guilty,,Alfredo  Maldonado,District 1 - Chicago,26Th Street,Original Sentencing,2026-06-24 00:00:00,Prison,True,Illinois Department of Corrections,9,Year(s),4598.0,19.0,White [Hispanic or Latino],Male,Chicago,2013-09-30 00:00:00,,CHICAGO PD,,2013-10-10 15:29:00,2013-10-11 00:00:00,Approved,2013-11-21 00:00:00,Sex Crimes,2016-06-24 00:00:00
3015864248936,667858074926,2015-08-17 00:00:00,Narcotics,False,518540503201,348737860516,[POSSESSION OF CONTROLLED SUBSTANCE WITH INTENT TO DELIVER/ DELIVERY OF A CONTROLLED SUBSTANCE],2,2017-02-07 00:00:00,720,570,401(d)(i),2,5097200,Plea Of Guilty,,Steven G Watkins,District 1 - Chicago,26Th Street,Probation Violation Sentencing,2048-03-04 00:00:00,Probation Terminated Unsatisfactorily,True,Probation,2,Year(s),11865.0,43.0,Black,Female,Chicago,2015-07-29 00:00:00,,CHICAGO PD,,2015-08-27 04:10:00,,,2015-09-09 00:00:00,Narcotics,2017-02-07 00:00:00
3021012879458,669172072191,2015-09-22 00:00:00,Armed Robbery,True,519566722527,349438242306,ARMED ROBBERY,1,2016-08-23 00:00:00,720,5,18-2(a)(1),X,0012365,Finding Guilty,,Dennis J Porter,District 1 - Chicago,26Th Street,Original Sentencing,2026-06-08 00:00:00,Prison,True,Illinois Department of Corrections,9,Year(s),3891.0,43.0,White [Hispanic or Latino],Male,Chicago,2015-09-20 00:00:00,,CHICAGO PD,,2015-09-20 22:40:00,2015-09-21 00:00:00,Approved,2015-10-13 00:00:00,Armed Robbery,2016-08-23 00:00:00
3021940743399,669513137054,2015-09-25 00:00:00,Narcotics,True,521629132810,350850656028,POSSESSION OF A CONTROLLED SUBSTANCE,3,2016-02-17 00:00:00,720,570,402(c),4,5101110,Plea Of Guilty,,Kristyna C Ryan,District 4 - Maywood,Maywood Courthouse,Original Sentencing,2106-02-17 00:00:00,Probation,True,Mental Health Probation,24,Months,32933.0,32.0,White,Male,Elmwood Park,2015-09-25 00:00:00,2015-09-25 00:00:00,ELMWOOD PARK PD,,2015-09-24 16:32:00,,,2015-12-18 00:00:00,Narcotics,2016-02-17 00:00:00
3030490118054,672545726606,2015-12-04 00:00:00,Driving With Suspended Or Revoked License,True,522658521926,351545677865,"FELONY DRIVING WHILE DRIVER?S LICENSE, PERMIT, OR PRIVILEGE TO OPERATE A MOTOR VEHICLE IS SUSPENDED OR REVOKED",1,2016-04-04 00:00:00,625,5,6-303(a),4,0014056,Plea Of Guilty,,Kathleen Ann Panozzo,District 6 - Markham,Markham Courthouse,Original Sentencing,2216-04-04 00:00:00,Prison,True,Illinois Department of Corrections,1,Year(s),73137.0,35.0,Black,Male,Ford Heights,2015-12-04 00:00:00,,CHICAGO PD,,2015-12-04 00:50:00,2015-12-04 00:00:00,Approved,2016-01-06 00:00:00,Driving With Suspended Or Revoked License,2016-04-04 00:00:00
3030638533575,672599266766,2015-12-05 00:00:00,Burglary,True,522703295202,355297776955,CRIMINAL TRESPASS TO VEHICLES,1,2016-04-25 00:00:00,720,5,21-2(a),A,0017205,Plea Of Guilty,,Marc W Martin,District 3 - Rolling Meadows,Rolling Meadows Courthouse,Original Sentencing,2106-04-25 00:00:00,Jail,True,Cook County Department of Corrections,364,Days,32954.0,37.0,White,Male,Arlington Heights,2015-12-05 00:00:00,,ARLINGTON HEIGHTS PD,,2015-12-05 02:22:00,2015-12-05 00:00:00,Approved,2016-02-02 00:00:00,Burglary,2016-04-25 00:00:00
3032989691686,673443968143,2015-12-28 00:00:00,Narcotics,True,524167011507,355930915714,MFG/DEL CANNABIS/2.5-10 GRAMS,1,2016-05-17 00:00:00,720,550,5(b),A,5020100,Plea Of Guilty,,Rickey  Jones,District 1 - Chicago,26Th Street,Original Sentencing,2026-05-17 00:00:00,Jail,True,Cook County Department of Corrections,2,Days,3762.0,33.0,Black,Male,Chicago,2015-12-22 00:00:00,,CHICAGO PD,,2015-12-22 12:21:00,,,2016-01-28 00:00:00,Narcotics,2016-05-17 00:00:00
3033176545759,673511088460,2015-12-02 00:00:00,Narcotics,True,523618902085,352194232022,[POSSESSION OF CONTROLLED SUBSTANCE WITH INTENT TO DELIVER/DELIVERY OF A CONTROLLED SUBSTANCE],1,2016-02-18 00:00:00,720,570,401(c)(1),1,0013009,Plea Of Guilty,,Dennis J Porter,District 1 - Chicago,26Th Street,Original Sentencing,2026-02-18 00:00:00,Probation,True,710/410 Probation,2,Year(s),3690.0,21.0,Black,Male,Chicago,2015-11-30 00:00:00,,CHICAGO PD,District 10 - Ogden,2015-11-30 15:18:00,,,2016-01-12 00:00:00,Narcotics,2016-02-18 00:00:00
3033411448023,673590149949,2015-11-13 00:00:00,Possession Of Stolen Motor Vehicle,True,523709637307,352256070804,AGGRAVATED POSSESSION OF A STOLEN MOTOR VEHICLE,1,2016-10-03 00:00:00,625,5,4-103.2(a)(7)(A),1,5713300,Finding Guilty,,Frank G Zelezinski,District 6 - Markham,Markham Courthouse,Original Sentencing,2026-10-03 00:00:00,Prison,True,Illinois Department of Corrections,6,Year(s),3893.0,20.0,Black,Male,Park Forest,2015-10-30 00:00:00,,PARK FOREST PD,,2015-12-31 22:34:00,2015-12-31 00:00:00,Approved,2016-02-05 00:00:00,Possession of Stolen Motor Vehicle,2016-10-03 00:00:00
3040089078733,676074069937,2016-03-02 00:00:00,Narcotics,False,526763597345,355032437197,POSSESSION OF A CONTROLLED SUBSTANCE,2,2016-04-14 00:00:00,720,570,402(c),4,5101110,Plea Of Guilty,,Domenica A Stephenson,District 1 - Chicago,26Th Street,Original Sentencing,2026-04-14 00:00:00,Probation,True,Probation,2,Year(s),3660.0,53.0,Black,Female,Chicago,2016-02-25 00:00:00,,CHICAGO PD,District 11 - Harrison,2016-02-25 11:09:00,,,2016-04-06 00:00:00,Narcotics,2016-04-14 00:00:00
3083502220248,692035437275,2017-03-24 00:00:00,Narcotics,True,540849283070,367384778145,MFG/DEL CANNABIS/2.5-10 GRAMS,1,2017-07-21 00:00:00,720,550,5(b),A,5020100,Plea Of Guilty,,Matthew E Coghlan,District 1 - Chicago,26Th Street,Original Sentencing,2217-07-21 00:00:00,Jail,True,Cook County Department of Corrections,124,Days,73133.0,57.0,Black,Male,Chicago,2017-03-20 00:00:00,,CHICAGO PD,District 10 - Ogden,2017-03-20 11:35:00,,,2017-04-27 00:00:00,Narcotics,2017-07-21 00:00:00
3097232257553,697045656708,2017-07-20 00:00:00,Robbery,True,545714447578,367356250799,ROBBERY,1,2018-03-07 00:00:00,720,5,18-1(a),2,1100000,Plea Of Guilty,,Steven G Watkins,District 1 - Chicago,26Th Street,Original Sentencing,2108-03-01 00:00:00,Probation,True,Probation,24,Months,33061.0,20.0,Black,Male,Chicago,2017-07-19 00:00:00,,CHICAGO PD,,2017-07-19 17:47:00,2017-07-20 00:00:00,Approved,2017-08-24 00:00:00,Robbery,2018-03-07 00:00:00
3097519478957,697155078434,2017-07-23 00:00:00,Driving With Suspended Or Revoked License,True,545790324412,367408831482,"FELONY DRIVING WHILE DRIVER?S LICENSE, PERMIT, OR PRIVILEGE TO OPERATE A  MOTOR VEHICLE IS SUSPENDED OR REVOKED",1,2018-05-17 00:00:00,625,5,6-303(a),3,0014059,Plea Of Guilty,,Maura  Slattery Boyle,District 1 - Chicago,26Th Street,Original Sentencing,2108-05-16 00:00:00,Prison,True,Illinois Department of Corrections,2,Year(s),33117.0,43.0,White [Hispanic or Latino],Male,Chicago,2017-07-23 00:00:00,,CHICAGO PD,,2017-07-23 22:10:00,2017-07-23 00:00:00,Approved,2017-09-13 00:00:00,Driving With Suspended Or Revoked License,2018-05-17 00:00:00
3103054630476,699144181206,2017-09-07 00:00:00,Home Invasion,True,547593538372,368655795455,HOME INVASION,1,2018-11-26 00:00:00,720,5,19-6(a)(3),X,0017284,Plea Of Guilty,,Brian K Flaherty,District 6 - Markham,Markham Courthouse,Original Sentencing,2218-11-26 00:00:00,Prison,True,Illinois Department of Corrections,14,Year(s),73453.0,24.0,Black,Male,South Holland,2017-09-07 00:00:00,,SOUTH HOLLAND PD,,2017-09-07 10:35:00,2017-09-07 00:00:00,Approved,2017-10-17 00:00:00,Home Invasion,2018-11-26 00:00:00
3109648977656,701598989709,2017-11-06 00:00:00,Uuw - Unlawful Use Of Weapon,False,550661168127,384463356184,UNLAWFUL USE OR POSSESSION OF A WEAPON BY A FELON,4,2019-04-23 00:00:00,720,5,24-1.1(a),3,1214500,Plea Of Guilty,,Michael B McHale,District 1 - Chicago,26Th Street,Original Sentencing,2109-04-23 00:00:00,Prison,True,Illinois Department of Corrections,5,Year(s),33339.0,35.0,Black,Male,Chicago,2017-11-05 00:00:00,,CHICAGO PD,,2017-11-05 19:44:00,2017-11-06 00:00:00,Approved,2018-01-11 00:00:00,UUW - Unlawful Use of Weapon,2019-04-23 00:00:00
3116903186649,704226047675,2018-01-15 00:00:00,Armed Robbery,True,552441797337,372006208246,ARMED ROBBERY,1,2019-06-17 00:00:00,720,5,18-2(a)(1),X,0012365,Plea Of Guilty,,Geary W Kull,District 4 - Maywood,Maywood Courthouse,Original Sentencing,2109-06-17 00:00:00,Prison,True,Illinois Department of Corrections,12,Year(s),33352.0,,White [Hispanic or Latino],Male,,,,,,2018-01-13 19:51:00,2018-01-16 00:00:00,Approved,2018-02-22 00:00:00,Armed Robbery,2019-06-17 00:00:00
3126355867282,707621945451,2018-04-06 00:00:00,Burglary,True,555576124744,374167287620,BURGLARY,1,2018-09-13 00:00:00,720,5,19-1(a),2,1110000,Plea Of Guilty,,Maura  Slattery Boyle,District 1 - Chicago,26Th Street,Original Sentencing,2108-09-12 00:00:00,Prison,True,Illinois Department of Corrections,3,Year(s),33010.0,43.0,White,Male,Chicago,2018-04-05 00:00:00,2018-04-06 00:00:00,CHICAGO PD,,2018-04-06 08:30:00,2018-04-06 00:00:00,Approved,2018-04-27 00:00:00,Burglary,2018-09-13 00:00:00
3135035505920,710752249696,2018-06-19 00:00:00,Uuw - Unlawful Use Of Weapon,True,558541991050,376205708264,AGGRAVATED UNLAWFUL USE OF WEAPON,1,2019-01-29 00:00:00,720,5,24-1.6(a)(1),2,0012475,Plea Of Guilty,,Allen F Murphy,District 6 - Markham,Markham Courthouse,Original Sentencing,2029-01-29 00:00:00,Prison,True,Illinois Department of Corrections,5,Year(s),3842.0,21.0,Black,Male,Ford Heights,2018-06-19 00:00:00,,COOK COUNTY SHERIFF (IL0160000),,2018-06-19 19:22:00,2018-06-19 00:00:00,Approved,2018-07-24 00:00:00,UUW - Unlawful Use of Weapon,2019-01-29 00:00:00
3141830587762,714203248570,2018-08-13 00:00:00,Theft,False,561740242544,378399700399,THEFT,13,2019-02-15 00:00:00,720,5,16-1(a)(1)(A),4,0015471,Plea Of Guilty,,Joseph  Cataldo,District 3 - Rolling Meadows,Rolling Meadows Courthouse,Original Sentencing,2109-02-15 00:00:00,Prison,True,Illinois Department of Corrections,1,Year(s),33014.0,45.0,White [Hispanic or Latino],Male,South Barrington,2018-07-31 00:00:00,,SOUTH BARRINGTON PD,,2018-09-26 09:30:00,2018-09-06 00:00:00,Approved,2018-09-26 00:00:00,Theft,2019-02-15 00:00:00
3147320894303,715058954557,2018-09-25 00:00:00,Narcotics,True,562385492804,378841918564,POSSESSION OF A CONTROLLED SUBSTANCE,1,2018-10-26 00:00:00,720,570,402(c),4,5101110,Plea Of Guilty,,Geraldine A D'Souza,District 6 - Markham,Markham Courthouse,Original Sentencing,2218-10-26 00:00:00,Probation,True,Probation,18,Months,73048.0,26.0,Black,Male,Chicago Heights,2018-09-14 00:00:00,,CHICAGO HEIGHTS PD,,2018-09-14 14:35:00,,,2018-10-26 00:00:00,Narcotics,2018-10-26 00:00:00
3155648179546,717913831364,2018-12-06 00:00:00,Burglary,True,565058879998,380692740898,BURGLARY,1,2019-03-13 00:00:00,720,5,19-1(a),2,1110000,Plea Of Guilty,,Brian K Flaherty,District 6 - Markham,Markham Courthouse,Original Sentencing,2119-03-13 00:00:00,Prison,True,Illinois Department of Corrections,8,Year(s),36594.0,21.0,Black,Male,Homewood,2018-11-27 00:00:00,,HOMEWOOD PD,,2018-12-04 23:55:00,2018-12-06 00:00:00,Approved,2019-01-02 00:00:00,Burglary,2019-03-13 00:00:00
3162665350800,720286066268,2019-02-07 00:00:00,Narcotics,False,567807747804,382588214730,POSSESSION OF A CONTROLLED SUBSTANCE,4,2019-07-08 00:00:00,720,570,402(c),4,5101110,Plea Of Guilty,,Patrick  Coughlin,District 6 - Markham,Markham Courthouse,Original Sentencing,2219-07-08 00:00:00,Probation,True,Probation,24,Months,73159.0,19.0,Black,Female,Lansing,2019-02-01 00:00:00,,LANSING PD,,2019-02-01 19:48:00,,,2019-03-19 00:00:00,Narcotics,2019-07-08 00:00:00
3166749446973,721710968148,2019-03-13 00:00:00,Narcotics,False,568247424012,382891694310,POSSESSION OF A CONTROLLED SUBSTANCE,2,2019-06-27 00:00:00,720,570,402(c),4,5101110,Plea Of Guilty,,Patrick  Coughlin,District 6 - Markham,Markham Courthouse,Original Sentencing,2219-06-27 00:00:00,Probation,True,Probation,24,Months,73112.0,35.0,Black,Male,Calumet City,2019-03-02 00:00:00,,CALUMET CITY PD,,2019-03-02 04:30:00,,,2019-04-24 00:00:00,Narcotics,2019-06-27 00:00:00
3169955862871,722771703288,2019-04-07 00:00:00,Burglary,True,569230917219,383570724887,BURGLARY,1,2019-11-25 00:00:00,720,5,19-1(a),2,1110000,Plea Of Guilty,,Michele M Pitman,District 6 - Markham,Markham Courthouse,Original Sentencing,2219-11-25 00:00:00,2nd Chance Probation,True,2nd Chance Probation,2,Year(s),73137.0,22.0,White,Male,Harvey,2019-04-07 00:00:00,,HARVEY PD,,2019-04-07 03:29:00,2019-04-07 00:00:00,Approved,2019-08-28 00:00:00,Burglary,2019-11-25 00:00:00
