case_id,case_participant_id,received_date,offense_category,primary_charge_flag,charge_id,charge_version_id,charge_offense_title,charge_count,chapter,act,section,class,aoic,event,event_date,finding_no_probable_cause,arraignment_date,bond_date_initial,bond_date_current,bond_type_initial,bond_type_current,bond_amount_initial,bond_amount_current,bond_electronic_monitor_flag_initial,bond_electroinic_monitor_flag_current,age_at_incident,race,gender,incident_city,incident_begin_date,incident_end_date,law_enforcement_agency,law_enforcement_unit,arrest_date,felony_review_date,felony_review_result,updated_offense_category,event_date_new
2787953530944,589657443017,2011-02-15 00:00:00,Narcotics,True,449899109401,301983046030,POSSESSION OF A CONTROLLED SUBSTANCE,1,720,570,402(c),4,5101110,Preliminary Hearing,2022-03-03 00:00:00,,,2011-02-15 00:00:00,2011-02-15 00:00:00,I Bond,I Bond,10000.0,10000.0,,,51.0,Black,Male,Chicago,2011-02-11 00:00:00,,CHICAGO PD,District 20 - Lincoln,2011-02-11 20:58:00,,,Narcotics,2011-03-03 00:00:00
2838371030864,606115344603,2012-02-07 00:00:00,Aggravated Battery Police Officer,False,465056183953,312295548827,AGGRAVATED BATTERY,2,720,5,12-3.05(d)(4),2,0016108,Indictment,2022-02-22 00:00:00,,2012-03-14 00:00:00,,,,,,,,,24.0,Black,Male,Chicago,2012-01-21 00:00:00,,COOK COUNTY SHERIFF'S GANGS (IL01600E8),,2012-02-07 06:00:00,2012-02-08 00:00:00,Approved,Aggravated Battery Police Officer,2012-02-22 00:00:00
2838371030864,606115344603,2012-02-07 00:00:00,Aggravated Battery Police Officer,True,464897166183,312186356422,AGGRAVATED BATTERY,1,720,5,12-3.05(d)(4),2,0016108,Indictment,2022-02-22 00:00:00,,2012-03-14 00:00:00,,,,,,,,,24.0,Black,Male,Chicago,2012-01-21 00:00:00,,COOK COUNTY SHERIFF'S GANGS (IL01600E8),,2012-02-07 06:00:00,2012-02-08 00:00:00,Approved,Aggravated Battery Police Officer,2012-02-22 00:00:00
2881436089934,619963904865,2012-11-29 00:00:00,Theft,True,477855199320,320994263187,THEFT,1,720,5,16-1(a)(1)(A),3,0015474,Preliminary Hearing,2102-12-06 00:00:00,,2012-12-28 00:00:00,2012-11-30 00:00:00,2012-11-30 00:00:00,D Bond,D Bond,10000.0,10000.0,,,17.0,Black,Male,Chicago,2012-11-29 00:00:00,,CHICAGO PD,,2012-11-29 15:40:00,2012-11-29 00:00:00,Approved,Theft,2012-12-06 00:00:00
2881436089934,619963982912,2012-11-29 00:00:00,Theft,True,477855199320,320994263187,THEFT,1,720,5,16-1(a)(1)(A),3,0015474,Preliminary Hearing,2102-12-06 00:00:00,,2012-12-28 00:00:00,2012-11-30 00:00:00,2012-11-30 00:00:00,D Bond,D Bond,10000.0,10000.0,,,17.0,Black,Male,Chicago,2012-11-29 00:00:00,,CHICAGO PD,,2012-11-29 15:40:00,2012-11-29 00:00:00,Approved,Theft,2012-12-06 00:00:00
2887979185712,622160690384,2013-01-17 00:00:00,Aggravated Dui,False,480183871914,322580233031,AGGRAVATED DRIVING UNDER THE INFLUENCE OF ALCOHOL,2,625,5,11-501(a),4,0014716,Preliminary Hearing,2103-01-24 00:00:00,,2013-02-14 00:00:00,2013-01-17 00:00:00,2013-01-17 00:00:00,D Bond,D Bond,500000.0,500000.0,,,49.0,White,Female,Skokie,2013-01-16 00:00:00,,SKOKIE PD,,2013-01-16 20:23:00,2013-01-17 00:00:00,Approved,Aggravated DUI,2013-01-24 00:00:00
2887979185712,622160690384,2013-01-17 00:00:00,Aggravated Dui,True,479813798999,322330751643,AGGRAVATED DRIVING UNDER THE INFLUENCE OF ALCOHOL,1,625,5,11-501(a),4,0014716,Preliminary Hearing,2103-01-24 00:00:00,,2013-02-14 00:00:00,2013-01-17 00:00:00,2013-01-17 00:00:00,D Bond,D Bond,500000.0,500000.0,,,49.0,White,Female,Skokie,2013-01-16 00:00:00,,SKOKIE PD,,2013-01-16 20:23:00,2013-01-17 00:00:00,Approved,Aggravated DUI,2013-01-24 00:00:00
2902232414421,626977665743,2013-04-20 00:00:00,Narcotics,True,484248004220,325338127524,POSSESSION OF A CONTROLLED SUBSTANCE,1,720,570,402(c),4,5101110,Preliminary Hearing,2023-04-23 00:00:00,,,2013-04-21 00:00:00,2013-04-21 00:00:00,I Bond,I Bond,10000.0,10000.0,,,23.0,White,Male,Lynwood,2013-04-20 00:00:00,,LYNWOOD PD,,2013-04-20 21:05:00,,,Narcotics,2013-04-23 00:00:00
2917181808021,632262376051,2013-08-05 00:00:00,Narcotics,False,498254511246,334866659863,POSSESSION OF A CONTROLLED SUBSTANCE,2,720,570,402(c),4,5101110,Preliminary Hearing,2023-09-16 00:00:00,,2014-04-18 00:00:00,2013-07-27 00:00:00,2013-07-27 00:00:00,I Bond,I Bond,10000.0,10000.0,,,21.0,White,Male,Palos Hills,2013-07-26 00:00:00,,PALOS HILLS PD,,2013-07-26 15:48:00,,,Narcotics,2013-09-16 00:00:00
2917181808021,632262376051,2013-08-05 00:00:00,Narcotics,True,498254379172,334866526972,[POSSESSION OF CONTROLLED SUBSTANCE WITH INTENT TO DELIVER/ DELIVERY OF A CONTROLLED SUBSTANCE],1,720,570,401(e),3,5097300,Preliminary Hearing,2023-09-16 00:00:00,,2014-04-18 00:00:00,2013-07-27 00:00:00,2013-07-27 00:00:00,I Bond,I Bond,10000.0,10000.0,,,21.0,White,Male,Palos Hills,2013-07-26 00:00:00,,PALOS HILLS PD,,2013-07-26 15:48:00,,,Narcotics,2013-09-16 00:00:00
2948921374776,643516814130,2014-03-26 00:00:00,Domestic Battery,False,498588990068,335096030358,AGGRAVATED DOMESTIC BATTERY,2,720,5,12-3.3(a),2,0012300,Preliminary Hearing,2104-04-15 00:00:00,,2014-05-02 00:00:00,2014-03-31 00:00:00,2014-03-31 00:00:00,D Bond,D Bond,50000.0,50000.0,,,22.0,Black,Male,Chicago,2014-03-20 00:00:00,,CHICAGO PD,,2014-03-24 20:10:00,2014-03-26 00:00:00,Approved,Domestic Battery,2014-04-15 00:00:00
2948921374776,643516814130,2014-03-26 00:00:00,Domestic Battery,False,498589056105,335096074656,AGGRAVATED DOMESTIC BATTERY,3,720,5,12-3.3(a),2,0012300,Preliminary Hearing,2104-04-15 00:00:00,,2014-05-02 00:00:00,2014-03-31 00:00:00,2014-03-31 00:00:00,D Bond,D Bond,50000.0,50000.0,,,22.0,Black,Male,Chicago,2014-03-20 00:00:00,,CHICAGO PD,,2014-03-24 20:10:00,2014-03-26 00:00:00,Approved,Domestic Battery,2014-04-15 00:00:00
2948921374776,643516814130,2014-03-26 00:00:00,Domestic Battery,False,498589386292,335096340438,AGGRAVATED BATTERY,4,720,5,12-3.05(a)(1),3,0016094,Preliminary Hearing,2104-04-15 00:00:00,,2014-05-02 00:00:00,2014-03-31 00:00:00,2014-03-31 00:00:00,D Bond,D Bond,50000.0,50000.0,,,22.0,Black,Male,Chicago,2014-03-20 00:00:00,,CHICAGO PD,,2014-03-24 20:10:00,2014-03-26 00:00:00,Approved,Domestic Battery,2014-04-15 00:00:00
2948921374776,643516814130,2014-03-26 00:00:00,Domestic Battery,False,498589716478,335096561924,AGGRAVATED BATTERY,5,720,5,12-3.05(a)(1),3,0016094,Preliminary Hearing,2104-04-15 00:00:00,,2014-05-02 00:00:00,2014-03-31 00:00:00,2014-03-31 00:00:00,D Bond,D Bond,50000.0,50000.0,,,22.0,Black,Male,Chicago,2014-03-20 00:00:00,,CHICAGO PD,,2014-03-24 20:10:00,2014-03-26 00:00:00,Approved,Domestic Battery,2014-04-15 00:00:00
2948921374776,643516814130,2014-03-26 00:00:00,Domestic Battery,False,498589914590,335096694815,AGGRAVATED BATTERY,6,720,5,12-3.05(a)(1),3,0016094,Preliminary Hearing,2104-04-15 00:00:00,,2014-05-02 00:00:00,2014-03-31 00:00:00,2014-03-31 00:00:00,D Bond,D Bond,50000.0,50000.0,,,22.0,Black,Male,Chicago,2014-03-20 00:00:00,,CHICAGO PD,,2014-03-24 20:10:00,2014-03-26 00:00:00,Approved,Domestic Battery,2014-04-15 00:00:00
2948921374776,643516814130,2014-03-26 00:00:00,Domestic Battery,False,498590707037,335097226381,AGGRAVATED BATTERY,7,720,5,12-3.05(c),3,0016104,Preliminary Hearing,2104-04-15 00:00:00,,2014-05-02 00:00:00,2014-03-31 00:00:00,2014-03-31 00:00:00,D Bond,D Bond,50000.0,50000.0,,,22.0,Black,Male,Chicago,2014-03-20 00:00:00,,CHICAGO PD,,2014-03-24 20:10:00,2014-03-26 00:00:00,Approved,Domestic Battery,2014-04-15 00:00:00
2948921374776,643516814130,2014-03-26 00:00:00,Domestic Battery,False,498590905149,335097359272,AGGRAVATED BATTERY,8,720,5,12-3.05(c),3,0016104,Preliminary Hearing,2104-04-15 00:00:00,,2014-05-02 00:00:00,2014-03-31 00:00:00,2014-03-31 00:00:00,D Bond,D Bond,50000.0,50000.0,,,22.0,Black,Male,Chicago,2014-03-20 00:00:00,,CHICAGO PD,,2014-03-24 20:10:00,2014-03-26 00:00:00,Approved,Domestic Battery,2014-04-15 00:00:00
2948921374776,643516814130,2014-03-26 00:00:00,Domestic Battery,True,497685798193,334476933787,AGGRAVATED DOMESTIC BATTERY,1,720,5,12-3.3(a),2,0012300,Preliminary Hearing,2104-04-15 00:00:00,,2014-05-02 00:00:00,2014-03-31 00:00:00,2014-03-31 00:00:00,D Bond,D Bond,50000.0,50000.0,,,22.0,Black,Male,Chicago,2014-03-20 00:00:00,,CHICAGO PD,,2014-03-24 20:10:00,2014-03-26 00:00:00,Approved,Domestic Battery,2014-04-15 00:00:00
2949848170979,643841176962,2014-04-01 00:00:00,Residential Burglary,False,497938456826,334650711395,CRIMINAL DAMAGE TO PROPERTY,5,720,5,21-1(a)(1),4,0017229,Preliminary Hearing,2104-04-14 00:00:00,,2014-05-12 00:00:00,,,,,,,,,42.0,White [Hispanic or Latino],Male,Chicago,2014-04-01 00:00:00,,CHICAGO PD,,2014-04-01 05:33:00,2014-04-01 00:00:00,Approved,Residential Burglary,2014-04-14 00:00:00
2949848170979,643841176962,2014-04-01 00:00:00,Residential Burglary,False,498895270971,335306308795,ATTEMPT RESIDENTIAL BURGLARY,2,720,5,8-4(19-3(a)),2,1120000,Preliminary Hearing,2104-04-14 00:00:00,,2014-05-12 00:00:00,,,,,,,,,42.0,White [Hispanic or Latino],Male,Chicago,2014-04-01 00:00:00,,CHICAGO PD,,2014-04-01 05:33:00,2014-04-01 00:00:00,Approved,Residential Burglary,2014-04-14 00:00:00
2949848170979,643841176962,2014-04-01 00:00:00,Residential Burglary,False,498895337009,335306353092,BURGLARY,4,720,5,19-1(a),2,1110000,Preliminary Hearing,2104-04-14 00:00:00,,2014-05-12 00:00:00,,,,,,,,,42.0,White [Hispanic or Latino],Male,Chicago,2014-04-01 00:00:00,,CHICAGO PD,,2014-04-01 05:33:00,2014-04-01 00:00:00,Approved,Residential Burglary,2014-04-14 00:00:00
2949848170979,643841176962,2014-04-01 00:00:00,Residential Burglary,False,499205249962,335521149834,ATTEMPT RESIDENTIAL BURGLARY,3,720,5,8-4(19-3(a)),2,1120000,Preliminary Hearing,2104-04-14 00:00:00,,2014-05-12 00:00:00,,,,,,,,,42.0,White [Hispanic or Latino],Male,Chicago,2014-04-01 00:00:00,,CHICAGO PD,,2014-04-01 05:33:00,2014-04-01 00:00:00,Approved,Residential Burglary,2014-04-14 00:00:00
2949848170979,643841176962,2014-04-01 00:00:00,Residential Burglary,True,497938324751,334650622801,RESIDENTIAL BURGLARY,1,720,5,19-3(a),1,1120000,Preliminary Hearing,2104-04-14 00:00:00,,2014-05-12 00:00:00,,,,,,,,,42.0,White [Hispanic or Latino],Male,Chicago,2014-04-01 00:00:00,,CHICAGO PD,,2014-04-01 05:33:00,2014-04-01 00:00:00,Approved,Residential Burglary,2014-04-14 00:00:00
2969106953377,650704463456,2014-08-14 00:00:00,Uuw - Unlawful Use Of Weapon,False,503722464044,338607064513,[POSSESSION OF CONTROLLED SUBSTANCE WITH INTENT TO DELIVER/DELIVERY OF A CONTROLLED SUBSTANCE],3,720,570,401(a)(1)(A),X,5095020,Preliminary Hearing,2104-09-10 00:00:00,,2014-09-24 00:00:00,2014-08-18 00:00:00,2014-08-18 00:00:00,D Bond,D Bond,80000.0,80000.0,,,27.0,Black,Male,Chicago,2014-08-14 00:00:00,,CHICAGO PD,District 15 - Austin,2014-08-14 20:15:00,2014-08-15 00:00:00,Approved,UUW - Unlawful Use of Weapon,2014-09-10 00:00:00
2969106953377,650704463456,2014-08-14 00:00:00,Uuw - Unlawful Use Of Weapon,False,504665740547,339252340683,DEFACING IDENTIFICATION MARKS OF FIREARMS,5,720,5,24-5(b),3,0013484,Preliminary Hearing,2104-09-10 00:00:00,,2014-09-24 00:00:00,2014-08-18 00:00:00,2014-08-18 00:00:00,D Bond,D Bond,80000.0,80000.0,,,27.0,Black,Male,Chicago,2014-08-14 00:00:00,,CHICAGO PD,District 15 - Austin,2014-08-14 20:15:00,2014-08-15 00:00:00,Approved,UUW - Unlawful Use of Weapon,2014-09-10 00:00:00
2969106953377,650704463456,2014-08-14 00:00:00,Uuw - Unlawful Use Of Weapon,False,504669042411,339254555539,POSSESSION OF CANNABIS,6,720,550,4(d),4,5015400,Preliminary Hearing,2104-09-10 00:00:00,,2014-09-24 00:00:00,2014-08-18 00:00:00,2014-08-18 00:00:00,D Bond,D Bond,80000.0,80000.0,,,27.0,Black,Male,Chicago,2014-08-14 00:00:00,,CHICAGO PD,District 15 - Austin,2014-08-14 20:15:00,2014-08-15 00:00:00,Approved,UUW - Unlawful Use of Weapon,2014-09-10 00:00:00
2969106953377,650704463456,2014-08-14 00:00:00,Uuw - Unlawful Use Of Weapon,False,504670429194,339255485778,UNLAWFUL USE OR POSSESSION OF A WEAPON BY A FELON,4,720,5,24-1.1(a),2,0013723,Preliminary Hearing,2104-09-10 00:00:00,,2014-09-24 00:00:00,2014-08-18 00:00:00,2014-08-18 00:00:00,D Bond,D Bond,80000.0,80000.0,,,27.0,Black,Male,Chicago,2014-08-14 00:00:00,,CHICAGO PD,District 15 - Austin,2014-08-14 20:15:00,2014-08-15 00:00:00,Approved,UUW - Unlawful Use of Weapon,2014-09-10 00:00:00
2969106953377,650704463456,2014-08-14 00:00:00,Uuw - Unlawful Use Of Weapon,False,504672278238,339256726098,ARMED VIOLENCE,2,720,5,33A-2(a),X,0012372,Preliminary Hearing,2104-09-10 00:00:00,,2014-09-24 00:00:00,2014-08-18 00:00:00,2014-08-18 00:00:00,D Bond,D Bond,80000.0,80000.0,,,27.0,Black,Male,Chicago,2014-08-14 00:00:00,,CHICAGO PD,District 15 - Austin,2014-08-14 20:15:00,2014-08-15 00:00:00,Approved,UUW - Unlawful Use of Weapon,2014-09-10 00:00:00
2969106953377,650704463456,2014-08-14 00:00:00,Uuw - Unlawful Use Of Weapon,True,503626842063,338541637664,ARMED HABITUAL CRIMINAL,1,720,5,24-1.7(a),X,0013855,Preliminary Hearing,2104-09-10 00:00:00,,2014-09-24 00:00:00,2014-08-18 00:00:00,2014-08-18 00:00:00,D Bond,D Bond,80000.0,80000.0,,,27.0,Black,Male,Chicago,2014-08-14 00:00:00,,CHICAGO PD,District 15 - Austin,2014-08-14 20:15:00,2014-08-15 00:00:00,Approved,UUW - Unlawful Use of Weapon,2014-09-10 00:00:00
3004665817390,663309893020,2015-05-20 00:00:00,Armed Robbery,False,514715557923,346118926094,AGGRAVATED UNLAWFUL RESTRAINT,5,720,5,10-3.1(a),3,0775100,Preliminary Hearing,2105-06-18 00:00:00,,2015-06-30 00:00:00,2015-05-21 00:00:00,2015-05-21 00:00:00,D Bond,D Bond,100000.0,100000.0,,,22.0,White [Hispanic or Latino],Male,Midlothian,2015-05-20 00:00:00,,MIDLOTHIAN PD,,2015-05-20 20:29:00,2015-05-21 00:00:00,Approved,Armed Robbery,2015-06-18 00:00:00
3004665817390,663309893020,2015-05-20 00:00:00,Armed Robbery,False,515346874317,346551531783,AGGRAVATED KIDNAPING,2,720,5,10-2(a)(6),X,0012350,Preliminary Hearing,2105-06-18 00:00:00,,2015-06-30 00:00:00,2015-05-21 00:00:00,2015-05-21 00:00:00,D Bond,D Bond,100000.0,100000.0,,,22.0,White [Hispanic or Latino],Male,Midlothian,2015-05-20 00:00:00,,MIDLOTHIAN PD,,2015-05-20 20:29:00,2015-05-21 00:00:00,Approved,Armed Robbery,2015-06-18 00:00:00
3004665817390,663309893020,2015-05-20 00:00:00,Armed Robbery,False,515347006391,346551620378,AGGRAVATED UNLAWFUL USE OF WEAPON,6,720,5,24-1.6(a)(1),4,0017864,Preliminary Hearing,2105-06-18 00:00:00,,2015-06-30 00:00:00,2015-05-21 00:00:00,2015-05-21 00:00:00,D Bond,D Bond,100000.0,100000.0,,,22.0,White [Hispanic or Latino],Male,Midlothian,2015-05-20 00:00:00,,MIDLOTHIAN PD,,2015-05-20 20:29:00,2015-05-21 00:00:00,Approved,Armed Robbery,2015-06-18 00:00:00
3004665817390,663309893020,2015-05-20 00:00:00,Armed Robbery,False,515347072428,346551664675,AGGRAVATED UNLAWFUL USE OF WEAPON,8,720,5,24-1.6(a)(1),4,0017862,Preliminary Hearing,2105-06-18 00:00:00,,2015-06-30 00:00:00,2015-05-21 00:00:00,2015-05-21 00:00:00,D Bond,D Bond,100000.0,100000.0,,,22.0,White [Hispanic or Latino],Male,Midlothian,2015-05-20 00:00:00,,MIDLOTHIAN PD,,2015-05-20 20:29:00,2015-05-21 00:00:00,Approved,Armed Robbery,2015-06-18 00:00:00
3004665817390,663309893020,2015-05-20 00:00:00,Armed Robbery,False,515347138466,346551708972,AGGRAVATED UNLAWFUL USE OF WEAPON,10,720,5,24-1.6(a)(1),4,0017868,Preliminary Hearing,2105-06-18 00:00:00,,2015-06-30 00:00:00,2015-05-21 00:00:00,2015-05-21 00:00:00,D Bond,D Bond,100000.0,100000.0,,,22.0,White [Hispanic or Latino],Male,Midlothian,2015-05-20 00:00:00,,MIDLOTHIAN PD,,2015-05-20 20:29:00,2015-05-21 00:00:00,Approved,Armed Robbery,2015-06-18 00:00:00
3004665817390,663309893020,2015-05-20 00:00:00,Armed Robbery,False,515347534689,346551974755,AGGRAVATED ROBBERY,4,720,5,18-1(b)(1),1,0017209,Preliminary Hearing,2105-06-18 00:00:00,,2015-06-30 00:00:00,2015-05-21 00:00:00,2015-05-21 00:00:00,D Bond,D Bond,100000.0,100000.0,,,22.0,White [Hispanic or Latino],Male,Midlothian,2015-05-20 00:00:00,,MIDLOTHIAN PD,,2015-05-20 20:29:00,2015-05-21 00:00:00,Approved,Armed Robbery,2015-06-18 00:00:00
3004665817390,663309893020,2015-05-20 00:00:00,Armed Robbery,False,515490967661,346650624444,AGGRAVATED KIDNAPING,3,720,5,10-2(a)(6),X,0012350,Preliminary Hearing,2105-06-18 00:00:00,,2015-06-30 00:00:00,2015-05-21 00:00:00,2015-05-21 00:00:00,D Bond,D Bond,100000.0,100000.0,,,22.0,White [Hispanic or Latino],Male,Midlothian,2015-05-20 00:00:00,,MIDLOTHIAN PD,,2015-05-20 20:29:00,2015-05-21 00:00:00,Approved,Armed Robbery,2015-06-18 00:00:00
3004665817390,663309893020,2015-05-20 00:00:00,Armed Robbery,False,515504109080,346659572463,AGGRAVATED UNLAWFUL USE OF WEAPON,7,720,5,24-1.6(a)(1),4,0017864,Preliminary Hearing,2105-06-18 00:00:00,,2015-06-30 00:00:00,2015-05-21 00:00:00,2015-05-21 00:00:00,D Bond,D Bond,100000.0,100000.0,,,22.0,White [Hispanic or Latino],Male,Midlothian,2015-05-20 00:00:00,,MIDLOTHIAN PD,,2015-05-20 20:29:00,2015-05-21 00:00:00,Approved,Armed Robbery,2015-06-18 00:00:00
3004665817390,663309893020,2015-05-20 00:00:00,Armed Robbery,False,515504241154,346659661057,AGGRAVATED UNLAWFUL USE OF WEAPON,9,720,5,24-1.6(a)(1),4,0017862,Preliminary Hearing,2105-06-18 00:00:00,,2015-06-30 00:00:00,2015-05-21 00:00:00,2015-05-21 00:00:00,D Bond,D Bond,100000.0,100000.0,,,22.0,White [Hispanic or Latino],Male,Midlothian,2015-05-20 00:00:00,,MIDLOTHIAN PD,,2015-05-20 20:29:00,2015-05-21 00:00:00,Approved,Armed Robbery,2015-06-18 00:00:00
3004665817390,663309893020,2015-05-20 00:00:00,Armed Robbery,False,515504307191,346659705354,AGGRAVATED UNLAWFUL USE OF WEAPON,11,720,5,24-1.6(a)(1),4,0017868,Preliminary Hearing,2105-06-18 00:00:00,,2015-06-30 00:00:00,2015-05-21 00:00:00,2015-05-21 00:00:00,D Bond,D Bond,100000.0,100000.0,,,22.0,White [Hispanic or Latino],Male,Midlothian,2015-05-20 00:00:00,,MIDLOTHIAN PD,,2015-05-20 20:29:00,2015-05-21 00:00:00,Approved,Armed Robbery,2015-06-18 00:00:00
3004665817390,663309893020,2015-05-20 00:00:00,Armed Robbery,True,514715491885,346118881797,ARMED ROBBERY,1,720,5,18-2(a)(2),X,0012366,Preliminary Hearing,2105-06-18 00:00:00,,2015-06-30 00:00:00,2015-05-21 00:00:00,2015-05-21 00:00:00,D Bond,D Bond,100000.0,100000.0,,,22.0,White [Hispanic or Latino],Male,Midlothian,2015-05-20 00:00:00,,MIDLOTHIAN PD,,2015-05-20 20:29:00,2015-05-21 00:00:00,Approved,Armed Robbery,2015-06-18 00:00:00
3006128617849,663840299614,2015-06-01 00:00:00,Narcotics,True,515117460807,346393878328,POSSESSION OF A CONTROLLED SUBSTANCE,1,720,570,402(c),4,5101110,Preliminary Hearing,2105-06-19 00:00:00,,,2015-05-29 00:00:00,2015-05-29 00:00:00,D Bond,D Bond,10000.0,10000.0,,,19.0,Black,Male,Calumet City,2015-05-28 00:00:00,,COOK COUNTY SHERIFF (IL0160000),,2015-05-29 00:14:00,,,Narcotics,2015-06-19 00:00:00
3010752989229,665507771195,2015-04-27 00:00:00,Reckless Homicide,True,516580450702,347396765160,RECKLESS HOMICIDE,1,720,5,9-3(a),3,0012583,Re-Indictment,2105-07-09 00:00:00,,2015-08-11 00:00:00,,,,,,,,,24.0,Black,Male,Chicago,2015-04-26 00:00:00,,CHICAGO PD,,2015-04-26 22:00:00,,,Reckless Homicide,2015-07-09 00:00:00
3012670645889,666200671392,2015-07-19 00:00:00,Narcotics,False,518391126874,348635135491,POSSESSION OF CANNABIS,2,720,550,4(d),4,5015400,Preliminary Hearing,2105-08-10 00:00:00,,2015-08-28 00:00:00,2015-07-19 00:00:00,2015-07-19 00:00:00,I Bond,I Bond,10000.0,10000.0,,,33.0,White,Male,Morton Grove,2015-07-18 00:00:00,,MORTON GROVE PD,,2015-07-18 16:53:00,,,Narcotics,2015-08-10 00:00:00
3012670645889,666200671392,2015-07-19 00:00:00,Narcotics,True,518390862725,348634958303,[POSSESSION OF CANNABIS WITH INTENT TO DELIVER/DELIVERY OF CANNABIS],1,720,550,5(d),3,5020300,Preliminary Hearing,2105-08-10 00:00:00,,2015-08-28 00:00:00,2015-07-19 00:00:00,2015-07-19 00:00:00,I Bond,I Bond,10000.0,10000.0,,,33.0,White,Male,Morton Grove,2015-07-18 00:00:00,,MORTON GROVE PD,,2015-07-18 16:53:00,,,Narcotics,2015-08-10 00:00:00
3016095947987,667439743652,2015-08-19 00:00:00,Aggravated Dui,True,518198826315,348503307258,AGGRAVATED DRIVING UNDER THE INFLUENCE OF ALCOHOL,1,625,5,11-501(a),4,0014717,Preliminary Hearing,2106-03-10 00:00:00,,,2015-08-19 00:00:00,2015-08-19 00:00:00,I Bond,I Bond,20000.0,20000.0,,,25.0,,,Winnetka,2015-08-19 00:00:00,,WINNETKA PD,,2015-08-19 06:00:00,2015-08-19 00:00:00,Approved,Aggravated DUI,2015-03-10 00:00:00
3020275072803,668900937331,2015-09-16 00:00:00,Fraud,True,519385714344,349314033177,HOME REPAIR FRAUD/CONTRACT >$1000,1,815,515,3(a)(1),4,8125100,Preliminary Hearing,2105-10-14 00:00:00,,2015-10-28 00:00:00,2015-09-18 00:00:00,2015-09-18 00:00:00,I Bond,I Bond,20000.0,20000.0,,,40.0,White,Male,Park Forest,2015-03-17 00:00:00,2015-03-17 00:00:00,PARK FOREST PD,,2015-09-16 11:55:00,2015-09-16 00:00:00,Approved,Fraud,2015-10-14 00:00:00
3023209215622,669954726299,2015-10-02 00:00:00,Narcotics,True,520230991524,349894502658,POSSESSION OF A CONTROLLED SUBSTANCE,1,720,570,402(c),4,5101110,Preliminary Hearing,2105-10-14 00:00:00,,,2015-10-03 00:00:00,2015-10-03 00:00:00,I Bond,I Bond,10000.0,10000.0,,,23.0,White,Male,Chicago Heights,2015-10-02 00:00:00,,CHICAGO HEIGHTS PD,,2015-10-02 22:28:00,,,Narcotics,2015-10-14 00:00:00
3027328547134,671394457086,2015-11-06 00:00:00,Aggravated Battery Police Officer,False,521587001026,350821862899,"FELONY DRIVING WHILE DRIVER?S LICENSE, PERMIT, OR PRIVILEGE TO OPERATE A MOTOR VEHICLE IS SUSPENDED OR REVOKED",3,625,5,6-303(a),4,0014057,Preliminary Hearing,2105-11-10 00:00:00,,2015-12-10 00:00:00,2015-11-07 00:00:00,2015-11-07 00:00:00,I Bond,I Bond,30000.0,30000.0,,,49.0,White,Male,Burbank,2015-11-05 00:00:00,,BURBANK PD,,2015-11-05 21:05:00,2015-11-06 00:00:00,Approved,Aggravated Battery Police Officer,2015-11-10 00:00:00
3027328547134,671394457086,2015-11-06 00:00:00,Aggravated Battery Police Officer,False,522347288227,351336019589,AGGRAVATED BATTERY,2,720,5,12-3.05(d)(4),2,0016108,Preliminary Hearing,2105-11-10 00:00:00,,2015-12-10 00:00:00,2015-11-07 00:00:00,2015-11-07 00:00:00,I Bond,I Bond,30000.0,30000.0,,,49.0,White,Male,Burbank,2015-11-05 00:00:00,,BURBANK PD,,2015-11-05 21:05:00,2015-11-06 00:00:00,Approved,Aggravated Battery Police Officer,2015-11-10 00:00:00
3027328547134,671394457086,2015-11-06 00:00:00,Aggravated Battery Police Officer,True,521587067063,350821907196,AGGRAVATED BATTERY,1,720,5,12-3.05(d)(4),2,0016108,Preliminary Hearing,2105-11-10 00:00:00,,2015-12-10 00:00:00,2015-11-07 00:00:00,2015-11-07 00:00:00,I Bond,I Bond,30000.0,30000.0,,,49.0,White,Male,Burbank,2015-11-05 00:00:00,,BURBANK PD,,2015-11-05 21:05:00,2015-11-06 00:00:00,Approved,Aggravated Battery Police Officer,2015-11-10 00:00:00
3028394149221,671789530390,2015-11-16 00:00:00,Driving With Suspended Or Revoked License,True,521914413858,351045208986,"FELONY DRIVING WHILE DRIVER?S LICENSE, PERMIT, OR PRIVILEGE TO OPERATE A MOTOR VEHICLE IS SUSPENDED OR REVOKED",1,625,5,6-303(a),4,0014058,Preliminary Hearing,2106-01-15 00:00:00,,2016-03-02 00:00:00,2015-11-16 00:00:00,2015-11-16 00:00:00,D Bond,D Bond,30000.0,30000.0,,,28.0,Black,Female,Evergreen Park,2015-11-16 00:00:00,,EVERGREEN PARK PD,,2015-11-16 01:06:00,2015-11-16 00:00:00,Approved,Driving With Suspended Or Revoked License,2015-01-15 00:00:00
3032762263585,673359287279,2015-12-23 00:00:00,Driving With Suspended Or Revoked License,True,523491185986,352107542555,"FELONY DRIVING WHILE DRIVER?S LICENSE, PERMIT, OR PRIVILEGE TO OPERATE A MOTOR VEHICLE IS SUSPENDED OR REVOKED",1,625,5,6-303(a),4,0014058,Preliminary Hearing,2106-01-15 00:00:00,,2016-02-02 00:00:00,2015-12-25 00:00:00,2015-12-25 00:00:00,D Bond,D Bond,4000.0,4000.0,,,46.0,White [Hispanic or Latino],Male,Justice,2015-12-23 00:00:00,,JUSTICE PD,,2015-12-23 20:54:00,2015-12-23 00:00:00,Approved,Driving With Suspended Or Revoked License,2015-01-15 00:00:00
3037099413560,674963618935,2016-02-05 00:00:00,Narcotics,True,525597246911,353554729518,[POSSESSION OF CONTROLLED SUBSTANCE WITH INTENT TO DELIVER/ DELIVERY OF A CONTROLLED SUBSTANCE],1,720,570,401(d)(i),2,5097200,Preliminary Hearing,2026-02-24 00:00:00,,2016-03-08 00:00:00,2016-02-04 00:00:00,2016-02-04 00:00:00,I Bond,I Bond,10000.0,10000.0,True,True,47.0,Black,Male,Chicago,2016-01-21 00:00:00,,CHICAGO PD,District 11 - Harrison,2016-02-03 14:25:00,,,Narcotics,2016-02-24 00:00:00
3037099413560,675702800931,2016-02-05 00:00:00,Narcotics,True,525597246911,353554729518,[POSSESSION OF CONTROLLED SUBSTANCE WITH INTENT TO DELIVER/ DELIVERY OF A CONTROLLED SUBSTANCE],1,720,570,401(d)(i),2,5097200,Preliminary Hearing,2026-02-24 00:00:00,,2016-03-08 00:00:00,,,,,,,,,45.0,Black,Male,Chicago,2016-01-21 00:00:00,,CHICAGO PD,District 11 - Harrison,,,,Narcotics,2016-02-24 00:00:00
3045625297989,678102664431,2016-04-18 00:00:00,Aggravated Dui,False,530348629186,356808131613,AGGRAVATED DRIVING UNDER THE INFLUENCE OF ALCOHOL,2,625,5,11-501(a),4,0014717,Preliminary Hearing,2106-05-16 00:00:00,,2016-07-05 00:00:00,2016-04-18 00:00:00,2016-04-18 00:00:00,I Bond,I Bond,10000.0,10000.0,,,28.0,Black,Male,Chicago,2016-04-17 00:00:00,2016-04-17 00:00:00,CHICAGO PD,,2016-04-17 23:49:00,2016-04-18 00:00:00,Approved,Aggravated DUI,2016-05-16 00:00:00
3045625297989,678102664431,2016-04-18 00:00:00,Aggravated Dui,True,527826005101,355075582593,AGGRAVATED DRIVING UNDER THE INFLUENCE OF ALCOHOL,1,625,5,11-501(a),4,0014717,Preliminary Hearing,2106-05-16 00:00:00,,2016-07-05 00:00:00,2016-04-18 00:00:00,2016-04-18 00:00:00,I Bond,I Bond,10000.0,10000.0,,,28.0,Black,Male,Chicago,2016-04-17 00:00:00,2016-04-17 00:00:00,CHICAGO PD,,2016-04-17 23:49:00,2016-04-18 00:00:00,Approved,Aggravated DUI,2016-05-16 00:00:00
3046331072517,678345078039,2016-04-22 00:00:00,Retail Theft,True,528972148128,355864115654,RETAIL THEFT,1,720,5,16-25(a)(6),4,0016750,Preliminary Hearing,2106-05-12 00:00:00,,2016-05-25 00:00:00,2016-04-23 00:00:00,2016-04-23 00:00:00,D Bond,D Bond,1000.0,1000.0,,,55.0,Black,Male,Bedford Park,2016-04-22 00:00:00,,BEDFORD PARK PD,,2016-04-22 19:13:00,2016-04-22 00:00:00,Approved,Retail Theft,2016-05-12 00:00:00
3048737752981,679326127315,2016-05-15 00:00:00,Homicide,False,530071602797,356618229852,FIRST DEGREE MURDER,2,720,5,9-1(a)(2),M,0735100,Preliminary Hearing,2106-06-14 00:00:00,,2016-06-27 00:00:00,2106-05-18 00:00:00,2106-05-18 00:00:00,No Bond,No Bond,,,,,35.0,Black,Female,Chicago,2016-05-14 00:00:00,,CHICAGO PD,,2016-05-17 00:40:00,2016-05-17 00:00:00,Approved,Homicide,2016-06-14 00:00:00
3048737752981,679326127315,2016-05-15 00:00:00,Homicide,True,528993214020,355878778002,FIRST DEGREE MURDER,1,720,5,9-1(a)(1),M,0735000,Preliminary Hearing,2106-06-14 00:00:00,,2016-06-27 00:00:00,2106-05-18 00:00:00,2106-05-18 00:00:00,No Bond,No Bond,,,,,35.0,Black,Female,Chicago,2016-05-14 00:00:00,,CHICAGO PD,,2016-05-17 00:40:00,2016-05-17 00:00:00,Approved,Homicide,2016-06-14 00:00:00
3050520874709,679874796878,2016-05-28 00:00:00,Driving With Suspended Or Revoked License,True,529492191705,356220264512,"FELONY DRIVING WHILE DRIVER?S LICENSE, PERMIT, OR PRIVILEGE TO OPERATE A MOTOR VEHICLE IS SUSPENDED OR REVOKED",1,625,5,6-303(a),4,0014056,Preliminary Hearing,2106-06-20 00:00:00,1.0,,2016-05-29 00:00:00,2016-05-29 00:00:00,I Bond,I Bond,50000.0,50000.0,,,28.0,Black,Male,Chicago,2016-05-28 00:00:00,,CHICAGO PD,,2016-05-28 15:49:00,2016-05-28 00:00:00,Approved,Driving With Suspended Or Revoked License,2016-06-20 00:00:00
3060730581273,683646724520,2016-08-25 00:00:00,Narcotics,True,542690930727,365282082378,POSSESSION OF A CONTROLLED SUBSTANCE,1,720,570,402(c),4,5101110,Preliminary Hearing,2106-09-21 00:00:00,,,2016-08-24 00:00:00,2016-08-24 00:00:00,I Bond,I Bond,10000.0,10000.0,True,True,,White [Hispanic or Latino],Male,,,,,,2016-08-23 12:00:00,,,Narcotics,2016-09-21 00:00:00
3067642046509,686285333424,2016-10-29 00:00:00,Retail Theft,True,535498150220,360329265510,RETAIL THEFT,1,720,5,16-25(a)(1),4,0016720,Preliminary Hearing,2106-11-03 00:00:00,,,2016-10-29 00:00:00,2016-10-29 00:00:00,I Bond,I Bond,50000.0,50000.0,,,53.0,Black,Male,Homewood,2016-10-28 00:00:00,,HOMEWOOD PD,,2016-10-28 12:39:00,2016-10-29 00:00:00,Approved,Retail Theft,2016-11-03 00:00:00
3095345565281,696353693074,2017-07-05 00:00:00,Uuw - Unlawful Use Of Weapon,False,545194668149,366998728731,ARMED HABITUAL CRIMINAL,2,720,5,24-1.7(a),X,0013855,Preliminary Hearing,2107-07-27 00:00:00,,2017-08-14 00:00:00,2017-07-06 00:00:00,2017-07-06 00:00:00,C Bond,C Bond,10000.0,10000.0,,,27.0,Black,Male,Chicago,2017-07-05 00:00:00,,CHICAGO PD,,2017-07-05 02:35:00,2017-07-05 00:00:00,Approved,UUW - Unlawful Use of Weapon,2017-07-27 00:00:00
3095345565281,696353693074,2017-07-05 00:00:00,Uuw - Unlawful Use Of Weapon,False,545194866261,366998861622,UNLAWFUL USE OR POSSESSION OF A WEAPON BY A FELON,3,720,5,24-1.1(a),2,0012309,Preliminary Hearing,2107-07-27 00:00:00,,2017-08-14 00:00:00,2017-07-06 00:00:00,2017-07-06 00:00:00,C Bond,C Bond,10000.0,10000.0,,,27.0,Black,Male,Chicago,2017-07-05 00:00:00,,CHICAGO PD,,2017-07-05 02:35:00,2017-07-05 00:00:00,Approved,UUW - Unlawful Use of Weapon,2017-07-27 00:00:00
3095345565281,696353693074,2017-07-05 00:00:00,Uuw - Unlawful Use Of Weapon,False,545194932299,366998905919,UNLAWFUL USE OR POSSESSION OF A WEAPON BY A FELON,4,720,5,24-1.1(a),2,0012309,Preliminary Hearing,2107-07-27 00:00:00,,2017-08-14 00:00:00,2017-07-06 00:00:00,2017-07-06 00:00:00,C Bond,C Bond,10000.0,10000.0,,,27.0,Black,Male,Chicago,2017-07-05 00:00:00,,CHICAGO PD,,2017-07-05 02:35:00,2017-07-05 00:00:00,Approved,UUW - Unlawful Use of Weapon,2017-07-27 00:00:00
3095345565281,696353693074,2017-07-05 00:00:00,Uuw - Unlawful Use Of Weapon,False,545194998336,366998950216,UNLAWFUL USE OR POSSESSION OF A WEAPON BY A FELON,5,720,5,24-1.1(a),2,0012309,Preliminary Hearing,2107-07-27 00:00:00,,2017-08-14 00:00:00,2017-07-06 00:00:00,2017-07-06 00:00:00,C Bond,C Bond,10000.0,10000.0,,,27.0,Black,Male,Chicago,2017-07-05 00:00:00,,CHICAGO PD,,2017-07-05 02:35:00,2017-07-05 00:00:00,Approved,UUW - Unlawful Use of Weapon,2017-07-27 00:00:00
3095345565281,696353693074,2017-07-05 00:00:00,Uuw - Unlawful Use Of Weapon,False,545195064373,366998994513,UNLAWFUL USE OR POSSESSION OF A WEAPON BY A FELON,6,720,5,24-1.1(a),2,0012309,Preliminary Hearing,2107-07-27 00:00:00,,2017-08-14 00:00:00,2017-07-06 00:00:00,2017-07-06 00:00:00,C Bond,C Bond,10000.0,10000.0,,,27.0,Black,Male,Chicago,2017-07-05 00:00:00,,CHICAGO PD,,2017-07-05 02:35:00,2017-07-05 00:00:00,Approved,UUW - Unlawful Use of Weapon,2017-07-27 00:00:00
3095345565281,696353693074,2017-07-05 00:00:00,Uuw - Unlawful Use Of Weapon,False,545195130410,366999038810,UNLAWFUL USE OR POSSESSION OF A WEAPON BY A FELON,7,720,5,24-1.1(a),2,0012310,Preliminary Hearing,2107-07-27 00:00:00,,2017-08-14 00:00:00,2017-07-06 00:00:00,2017-07-06 00:00:00,C Bond,C Bond,10000.0,10000.0,,,27.0,Black,Male,Chicago,2017-07-05 00:00:00,,CHICAGO PD,,2017-07-05 02:35:00,2017-07-05 00:00:00,Approved,UUW - Unlawful Use of Weapon,2017-07-27 00:00:00
3095345565281,696353693074,2017-07-05 00:00:00,Uuw - Unlawful Use Of Weapon,False,545195196448,366999083108,UNLAWFUL USE OR POSSESSION OF A WEAPON BY A FELON,8,720,5,24-1.1(a),2,0012310,Preliminary Hearing,2107-07-27 00:00:00,,2017-08-14 00:00:00,2017-07-06 00:00:00,2017-07-06 00:00:00,C Bond,C Bond,10000.0,10000.0,,,27.0,Black,Male,Chicago,2017-07-05 00:00:00,,CHICAGO PD,,2017-07-05 02:35:00,2017-07-05 00:00:00,Approved,UUW - Unlawful Use of Weapon,2017-07-27 00:00:00
3095345565281,696353693074,2017-07-05 00:00:00,Uuw - Unlawful Use Of Weapon,False,545195328522,366999171702,UNLAWFUL USE OR POSSESSION OF A WEAPON BY A FELON,9,720,5,24-1.1(a),2,0012310,Preliminary Hearing,2107-07-27 00:00:00,,2017-08-14 00:00:00,2017-07-06 00:00:00,2017-07-06 00:00:00,C Bond,C Bond,10000.0,10000.0,,,27.0,Black,Male,Chicago,2017-07-05 00:00:00,,CHICAGO PD,,2017-07-05 02:35:00,2017-07-05 00:00:00,Approved,UUW - Unlawful Use of Weapon,2017-07-27 00:00:00
3095345565281,696353693074,2017-07-05 00:00:00,Uuw - Unlawful Use Of Weapon,False,545195394560,366999215999,UNLAWFUL USE OR POSSESSION OF A WEAPON BY A FELON,10,720,5,24-1.1(a),2,0012310,Preliminary Hearing,2107-07-27 00:00:00,,2017-08-14 00:00:00,2017-07-06 00:00:00,2017-07-06 00:00:00,C Bond,C Bond,10000.0,10000.0,,,27.0,Black,Male,Chicago,2017-07-05 00:00:00,,CHICAGO PD,,2017-07-05 02:35:00,2017-07-05 00:00:00,Approved,UUW - Unlawful Use of Weapon,2017-07-27 00:00:00
3095345565281,696353693074,2017-07-05 00:00:00,Uuw - Unlawful Use Of Weapon,False,545195526634,366999304593,AGGRAVATED UNLAWFUL USE OF WEAPON,11,720,5,24-1.6(a)(1),2,0017871,Preliminary Hearing,2107-07-27 00:00:00,,2017-08-14 00:00:00,2017-07-06 00:00:00,2017-07-06 00:00:00,C Bond,C Bond,10000.0,10000.0,,,27.0,Black,Male,Chicago,2017-07-05 00:00:00,,CHICAGO PD,,2017-07-05 02:35:00,2017-07-05 00:00:00,Approved,UUW - Unlawful Use of Weapon,2017-07-27 00:00:00
3095345565281,696353693074,2017-07-05 00:00:00,Uuw - Unlawful Use Of Weapon,False,545195658709,366999437484,AGGRAVATED UNLAWFUL USE OF WEAPON,12,720,5,24-1.6(a)(1),2,0017871,Preliminary Hearing,2107-07-27 00:00:00,,2017-08-14 00:00:00,2017-07-06 00:00:00,2017-07-06 00:00:00,C Bond,C Bond,10000.0,10000.0,,,27.0,Black,Male,Chicago,2017-07-05 00:00:00,,CHICAGO PD,,2017-07-05 02:35:00,2017-07-05 00:00:00,Approved,UUW - Unlawful Use of Weapon,2017-07-27 00:00:00
3095345565281,696353693074,2017-07-05 00:00:00,Uuw - Unlawful Use Of Weapon,False,545195922858,366999614673,AGGRAVATED UNLAWFUL USE OF WEAPON,13,720,5,24-1.6(a)(1),2,0017874,Preliminary Hearing,2107-07-27 00:00:00,,2017-08-14 00:00:00,2017-07-06 00:00:00,2017-07-06 00:00:00,C Bond,C Bond,10000.0,10000.0,,,27.0,Black,Male,Chicago,2017-07-05 00:00:00,,CHICAGO PD,,2017-07-05 02:35:00,2017-07-05 00:00:00,Approved,UUW - Unlawful Use of Weapon,2017-07-27 00:00:00
3095345565281,696353693074,2017-07-05 00:00:00,Uuw - Unlawful Use Of Weapon,False,545196253044,366999836159,AGGRAVATED UNLAWFUL USE OF WEAPON,14,720,5,24-1.6(a)(1),2,0017874,Preliminary Hearing,2107-07-27 00:00:00,,2017-08-14 00:00:00,2017-07-06 00:00:00,2017-07-06 00:00:00,C Bond,C Bond,10000.0,10000.0,,,27.0,Black,Male,Chicago,2017-07-05 00:00:00,,CHICAGO PD,,2017-07-05 02:35:00,2017-07-05 00:00:00,Approved,UUW - Unlawful Use of Weapon,2017-07-27 00:00:00
3095345565281,696353693074,2017-07-05 00:00:00,Uuw - Unlawful Use Of Weapon,False,545197639827,367000766398,AGGRAVATED UNLAWFUL USE OF WEAPON,15,720,5,24-1.6(a)(1),2,0017875,Preliminary Hearing,2107-07-27 00:00:00,,2017-08-14 00:00:00,2017-07-06 00:00:00,2017-07-06 00:00:00,C Bond,C Bond,10000.0,10000.0,,,27.0,Black,Male,Chicago,2017-07-05 00:00:00,,CHICAGO PD,,2017-07-05 02:35:00,2017-07-05 00:00:00,Approved,UUW - Unlawful Use of Weapon,2017-07-27 00:00:00
3095345565281,696353693074,2017-07-05 00:00:00,Uuw - Unlawful Use Of Weapon,False,545197705864,367000810695,AGGRAVATED UNLAWFUL USE OF WEAPON,16,720,5,24-1.6(a)(1),2,0017875,Preliminary Hearing,2107-07-27 00:00:00,,2017-08-14 00:00:00,2017-07-06 00:00:00,2017-07-06 00:00:00,C Bond,C Bond,10000.0,10000.0,,,27.0,Black,Male,Chicago,2017-07-05 00:00:00,,CHICAGO PD,,2017-07-05 02:35:00,2017-07-05 00:00:00,Approved,UUW - Unlawful Use of Weapon,2017-07-27 00:00:00
3095345565281,696353693074,2017-07-05 00:00:00,Uuw - Unlawful Use Of Weapon,True,545001707218,366866280337,ARMED HABITUAL CRIMINAL,1,720,5,24-1.7(a),X,0013855,Preliminary Hearing,2107-07-27 00:00:00,,2017-08-14 00:00:00,2017-07-06 00:00:00,2017-07-06 00:00:00,C Bond,C Bond,10000.0,10000.0,,,27.0,Black,Male,Chicago,2017-07-05 00:00:00,,CHICAGO PD,,2017-07-05 02:35:00,2017-07-05 00:00:00,Approved,UUW - Unlawful Use of Weapon,2017-07-27 00:00:00
3095447000350,696389204405,2017-07-06 00:00:00,Aggravated Battery Police Officer,False,545059820024,366906059152,AGGRAVATED BATTERY,2,720,5,12-3.05(d)(4),2,0016108,Preliminary Hearing,2107-07-20 00:00:00,,2017-08-03 00:00:00,2017-07-06 00:00:00,2017-07-06 00:00:00,D Bond,D Bond,10000.0,10000.0,,,21.0,White,Male,Tinley Park,2017-07-05 00:00:00,,CHICAGO PD,,2017-07-05 22:46:00,2017-07-06 00:00:00,Approved,Aggravated Battery Police Officer,2017-07-20 00:00:00
3095447000350,696389204405,2017-07-06 00:00:00,Aggravated Battery Police Officer,True,545058961540,366905483290,AGGRAVATED BATTERY,1,720,5,12-3.05(d)(4),2,0016108,Preliminary Hearing,2107-07-20 00:00:00,,2017-08-03 00:00:00,2017-07-06 00:00:00,2017-07-06 00:00:00,D Bond,D Bond,10000.0,10000.0,,,21.0,White,Male,Tinley Park,2017-07-05 00:00:00,,CHICAGO PD,,2017-07-05 22:46:00,2017-07-06 00:00:00,Approved,Aggravated Battery Police Officer,2017-07-20 00:00:00
3097743703845,697237105704,2017-07-17 00:00:00,Theft,True,545976879728,367537558918,RETAIL THEFT,1,720,5,16-25(a)(1),3,0016722,Direct Indictment,2047-08-11 00:00:00,,2017-08-24 00:00:00,,,,,,,,,23.0,White [Hispanic or Latino],Male,Orland Park,2017-07-07 00:00:00,,ORLAND PARK PD,,,2017-07-26 00:00:00,Continued Investigation,Retail Theft,2017-08-11 00:00:00
3097743703845,697237183751,2017-07-17 00:00:00,Theft,False,546481206433,367883962408,RETAIL THEFT,2,720,5,16-25(a)(1),4,0016720,Direct Indictment,2047-08-11 00:00:00,,2017-08-24 00:00:00,,,,,,,,,26.0,White [Hispanic or Latino],Male,Orland Park,2017-07-07 00:00:00,,ORLAND PARK PD,,2017-07-28 21:28:00,2017-07-26 00:00:00,Continued Investigation,Retail Theft,2017-08-11 00:00:00
3097743703845,697237183751,2017-07-17 00:00:00,Theft,True,545976879728,367537558918,RETAIL THEFT,1,720,5,16-25(a)(1),3,0016722,Direct Indictment,2047-08-11 00:00:00,,2017-08-24 00:00:00,,,,,,,,,26.0,White [Hispanic or Latino],Male,Orland Park,2017-07-07 00:00:00,,ORLAND PARK PD,,2017-07-28 21:28:00,2017-07-26 00:00:00,Continued Investigation,Retail Theft,2017-08-11 00:00:00
3115232177365,703618764905,2017-12-28 00:00:00,Driving With Suspended Or Revoked License,False,556334100640,374686272696,"FELONY DRIVING WHILE DRIVER?S LICENSE, PERMIT, OR PRIVILEGE TO OPERATE A MOTOR VEHICLE IS SUSPENDED OR REVOKED",2,625,5,6-303(a),4,0014058,Preliminary Hearing,2081-03-20 00:00:00,,2018-05-10 00:00:00,,,,,,,,,32.0,Black,Male,Chicago,2017-12-28 00:00:00,,CHICAGO PD,,2017-12-28 16:59:00,2017-12-28 00:00:00,Approved,Driving With Suspended Or Revoked License,2017-03-20 00:00:00
3115232177365,703618764905,2017-12-28 00:00:00,Driving With Suspended Or Revoked License,False,556334232715,374686361290,"FELONY DRIVING WHILE DRIVER?S LICENSE, PERMIT, OR PRIVILEGE TO OPERATE A MOTOR VEHICLE IS SUSPENDED OR REVOKED",3,625,5,6-303(a),4,0014057,Preliminary Hearing,2081-03-20 00:00:00,,2018-05-10 00:00:00,,,,,,,,,32.0,Black,Male,Chicago,2017-12-28 00:00:00,,CHICAGO PD,,2017-12-28 16:59:00,2017-12-28 00:00:00,Approved,Driving With Suspended Or Revoked License,2017-03-20 00:00:00
3115232177365,703618764905,2017-12-28 00:00:00,Driving With Suspended Or Revoked License,False,556334430827,374686494182,"FELONY DRIVING WHILE DRIVER?S LICENSE, PERMIT, OR PRIVILEGE TO OPERATE A MOTOR VEHICLE IS SUSPENDED OR REVOKED",4,625,5,6-303(a),4,0014057,Preliminary Hearing,2081-03-20 00:00:00,,2018-05-10 00:00:00,,,,,,,,,32.0,Black,Male,Chicago,2017-12-28 00:00:00,,CHICAGO PD,,2017-12-28 16:59:00,2017-12-28 00:00:00,Approved,Driving With Suspended Or Revoked License,2017-03-20 00:00:00
3115232177365,703618764905,2017-12-28 00:00:00,Driving With Suspended Or Revoked License,False,556334496864,374686538479,"FELONY DRIVING WHILE DRIVER?S LICENSE, PERMIT, OR PRIVILEGE TO OPERATE A MOTOR VEHICLE IS SUSPENDED OR REVOKED",5,625,5,6-303(a),4,0014056,Preliminary Hearing,2081-03-20 00:00:00,,2018-05-10 00:00:00,,,,,,,,,32.0,Black,Male,Chicago,2017-12-28 00:00:00,,CHICAGO PD,,2017-12-28 16:59:00,2017-12-28 00:00:00,Approved,Driving With Suspended Or Revoked License,2017-03-20 00:00:00
3115232177365,703618764905,2017-12-28 00:00:00,Driving With Suspended Or Revoked License,False,556334761013,374686715667,"FELONY DRIVING WHILE DRIVER?S LICENSE, PERMIT, OR PRIVILEGE TO OPERATE A MOTOR VEHICLE IS SUSPENDED OR REVOKED",6,625,5,6-303(a),4,0014056,Preliminary Hearing,2081-03-20 00:00:00,,2018-05-10 00:00:00,,,,,,,,,32.0,Black,Male,Chicago,2017-12-28 00:00:00,,CHICAGO PD,,2017-12-28 16:59:00,2017-12-28 00:00:00,Approved,Driving With Suspended Or Revoked License,2017-03-20 00:00:00
3115232177365,703618764905,2017-12-28 00:00:00,Driving With Suspended Or Revoked License,False,556335223274,374687025747,POSSESSION OF A CONTROLLED SUBSTANCE,7,720,570,402(c),4,5101110,Preliminary Hearing,2081-03-20 00:00:00,,2018-05-10 00:00:00,,,,,,,,,32.0,Black,Male,Chicago,2017-12-28 00:00:00,,CHICAGO PD,,2017-12-28 16:59:00,2017-12-28 00:00:00,Approved,Driving With Suspended Or Revoked License,2017-03-20 00:00:00
3115232177365,703618764905,2017-12-28 00:00:00,Driving With Suspended Or Revoked License,False,556335289311,374687070044,POSSESSION OF A CONTROLLED SUBSTANCE,8,720,570,402(c),4,5101110,Preliminary Hearing,2081-03-20 00:00:00,,2018-05-10 00:00:00,,,,,,,,,32.0,Black,Male,Chicago,2017-12-28 00:00:00,,CHICAGO PD,,2017-12-28 16:59:00,2017-12-28 00:00:00,Approved,Driving With Suspended Or Revoked License,2017-03-20 00:00:00
3115232177365,703618764905,2017-12-28 00:00:00,Driving With Suspended Or Revoked License,True,551870046569,371614400206,"FELONY DRIVING WHILE DRIVER?S LICENSE, PERMIT, OR PRIVILEGE TO OPERATE A MOTOR VEHICLE IS SUSPENDED OR REVOKED",1,625,5,6-303(a),4,0014058,Preliminary Hearing,2081-03-20 00:00:00,,2018-05-10 00:00:00,,,,,,,,,32.0,Black,Male,Chicago,2017-12-28 00:00:00,,CHICAGO PD,,2017-12-28 16:59:00,2017-12-28 00:00:00,Approved,Driving With Suspended Or Revoked License,2017-03-20 00:00:00
3127390504979,708004453208,2018-04-17 00:00:00,Aggravated Dui,False,555936226030,374411674840,AGGRAVATED FLEEING OR ATTEMPT TO ELUDE A PEACE OFFICER,2,625,5,11-204.1(a)(1),4,0011405,Preliminary Hearing,2108-11-28 00:00:00,,2018-12-12 00:00:00,2018-04-18 00:00:00,2018-04-18 00:00:00,I Bond,I Bond,30000.0,30000.0,,,21.0,Black,Female,Cicero,2018-04-17 00:00:00,,BERWYN PD,,2018-04-17 01:08:00,2018-04-17 00:00:00,Approved,Aggravated DUI,2018-11-28 00:00:00
3127390504979,708004453208,2018-04-17 00:00:00,Aggravated Dui,True,555936159993,374411630542,AGGRAVATED DRIVING UNDER THE INFLUENCE OF ALCOHOL,1,625,5,11-501(a),4,0014716,Preliminary Hearing,2108-11-28 00:00:00,,2018-12-12 00:00:00,2018-04-18 00:00:00,2018-04-18 00:00:00,I Bond,I Bond,30000.0,30000.0,,,21.0,Black,Female,Cicero,2018-04-17 00:00:00,,BERWYN PD,,2018-04-17 01:08:00,2018-04-17 00:00:00,Approved,Aggravated DUI,2018-11-28 00:00:00
3132406736043,709836603705,2018-05-29 00:00:00,Narcotics,True,557497875621,375489379511,POSSESSION OF A CONTROLLED SUBSTANCE,1,720,570,402(c),4,5101110,Preliminary Hearing,2108-07-19 00:00:00,,2018-10-18 00:00:00,2018-05-25 00:00:00,2018-05-25 00:00:00,I Bond,I Bond,10000.0,10000.0,,,45.0,Black,Male,Chicago,2018-05-24 00:00:00,,CHICAGO PD,District 11 - Harrison,2018-05-24 21:48:00,,,Narcotics,2018-07-19 00:00:00
3146753925658,714851818139,2018-09-19 00:00:00,Aggravated Battery,False,562213597765,378724398300,AGGRAVATED BATTERY,4,720,5,12-3.05(c),3,0016104,Preliminary Hearing,2108-10-18 00:00:00,,2018-10-25 00:00:00,2018-09-21 00:00:00,2018-09-21 00:00:00,No Bond,No Bond,,,,,45.0,Black,Male,Chicago,2018-09-18 00:00:00,,CHICAGO PD,,2018-09-18 12:18:00,2018-09-20 00:00:00,Approved,Aggravated Battery,2018-10-18 00:00:00
3146753925658,714851818139,2018-09-19 00:00:00,Aggravated Battery,False,562213795877,378724575488,AGGRAVATED BATTERY,2,720,5,12-3.05(a)(1),3,0016094,Preliminary Hearing,2108-10-18 00:00:00,,2018-10-25 00:00:00,2018-09-21 00:00:00,2018-09-21 00:00:00,No Bond,No Bond,,,,,45.0,Black,Male,Chicago,2018-09-18 00:00:00,,CHICAGO PD,,2018-09-18 12:18:00,2018-09-20 00:00:00,Approved,Aggravated Battery,2018-10-18 00:00:00
3146753925658,714851818139,2018-09-19 00:00:00,Aggravated Battery,False,562386879587,378842893100,AGGRAVATED BATTERY,3,720,5,12-3.05(d)(1),3,0016105,Preliminary Hearing,2108-10-18 00:00:00,,2018-10-25 00:00:00,2018-09-21 00:00:00,2018-09-21 00:00:00,No Bond,No Bond,,,,,45.0,Black,Male,Chicago,2018-09-18 00:00:00,,CHICAGO PD,,2018-09-18 12:18:00,2018-09-20 00:00:00,Approved,Aggravated Battery,2018-10-18 00:00:00
3146753925658,714851818139,2018-09-19 00:00:00,Aggravated Battery,True,562213531728,378724354003,AGGRAVATED BATTERY,1,720,5,12-3.05(a)(4),2,0016097,Preliminary Hearing,2108-10-18 00:00:00,,2018-10-25 00:00:00,2018-09-21 00:00:00,2018-09-21 00:00:00,No Bond,No Bond,,,,,45.0,Black,Male,Chicago,2018-09-18 00:00:00,,CHICAGO PD,,2018-09-18 12:18:00,2018-09-20 00:00:00,Approved,Aggravated Battery,2018-10-18 00:00:00
3149668849201,715870329917,2018-10-15 00:00:00,Uuw - Unlawful Use Of Weapon,False,563190619318,379396828606,AGGRAVATED UNLAWFUL USE OF WEAPON,3,720,5,24-1.6(a)(1),2,0012476,Preliminary Hearing,2108-11-14 00:00:00,,2018-11-21 00:00:00,2018-10-16 00:00:00,2018-10-16 00:00:00,D Bond,D Bond,30000.0,30000.0,,,35.0,Black,Male,Chicago,2018-10-15 00:00:00,,CHICAGO PD,,2018-10-15 18:17:00,2018-10-15 00:00:00,Approved,UUW - Unlawful Use of Weapon,2018-11-14 00:00:00
3149668849201,715870329917,2018-10-15 00:00:00,Uuw - Unlawful Use Of Weapon,False,563324741033,379489941155,UNLAWFUL USE OR POSSESSION OF A WEAPON BY A FELON,2,720,5,24-1.1(a),2,0013723,Preliminary Hearing,2108-11-14 00:00:00,,2018-11-21 00:00:00,2018-10-16 00:00:00,2018-10-16 00:00:00,D Bond,D Bond,30000.0,30000.0,,,35.0,Black,Male,Chicago,2018-10-15 00:00:00,,CHICAGO PD,,2018-10-15 18:17:00,2018-10-15 00:00:00,Approved,UUW - Unlawful Use of Weapon,2018-11-14 00:00:00
3149668849201,715870329917,2018-10-15 00:00:00,Uuw - Unlawful Use Of Weapon,False,563326986301,379491447257,AGGRAVATED UNLAWFUL USE OF WEAPON,4,720,5,24-1.6(a)(1),2,0012476,Preliminary Hearing,2108-11-14 00:00:00,,2018-11-21 00:00:00,2018-10-16 00:00:00,2018-10-16 00:00:00,D Bond,D Bond,30000.0,30000.0,,,35.0,Black,Male,Chicago,2018-10-15 00:00:00,,CHICAGO PD,,2018-10-15 18:17:00,2018-10-15 00:00:00,Approved,UUW - Unlawful Use of Weapon,2018-11-14 00:00:00
3149668849201,715870329917,2018-10-15 00:00:00,Uuw - Unlawful Use Of Weapon,False,563327250450,379491668743,AGGRAVATED UNLAWFUL USE OF WEAPON,5,720,5,24-1.6(a)(2),2,0012479,Preliminary Hearing,2108-11-14 00:00:00,,2018-11-21 00:00:00,2018-10-16 00:00:00,2018-10-16 00:00:00,D Bond,D Bond,30000.0,30000.0,,,35.0,Black,Male,Chicago,2018-10-15 00:00:00,,CHICAGO PD,,2018-10-15 18:17:00,2018-10-15 00:00:00,Approved,UUW - Unlawful Use of Weapon,2018-11-14 00:00:00
3149668849201,715870329917,2018-10-15 00:00:00,Uuw - Unlawful Use Of Weapon,False,563327316487,379491713040,AGGRAVATED UNLAWFUL USE OF WEAPON,6,720,5,24-1.6(a)(2),2,0012479,Preliminary Hearing,2108-11-14 00:00:00,,2018-11-21 00:00:00,2018-10-16 00:00:00,2018-10-16 00:00:00,D Bond,D Bond,30000.0,30000.0,,,35.0,Black,Male,Chicago,2018-10-15 00:00:00,,CHICAGO PD,,2018-10-15 18:17:00,2018-10-15 00:00:00,Approved,UUW - Unlawful Use of Weapon,2018-11-14 00:00:00
3149668849201,715870329917,2018-10-15 00:00:00,Uuw - Unlawful Use Of Weapon,True,563324674996,379489896858,UNLAWFUL USE OR POSSESSION OF A WEAPON BY A FELON,1,720,5,24-1.1(a),2,0013723,Preliminary Hearing,2108-11-14 00:00:00,,2018-11-21 00:00:00,2018-10-16 00:00:00,2018-10-16 00:00:00,D Bond,D Bond,30000.0,30000.0,,,35.0,Black,Male,Chicago,2018-10-15 00:00:00,,CHICAGO PD,,2018-10-15 18:17:00,2018-10-15 00:00:00,Approved,UUW - Unlawful Use of Weapon,2018-11-14 00:00:00
3150547597214,716179161419,2018-10-23 00:00:00,Narcotics,True,563491221015,379605955317,POSSESSION OF A CONTROLLED SUBSTANCE,1,720,570,402(c),4,5101110,Preliminary Hearing,2108-12-18 00:00:00,,,2018-10-21 00:00:00,2018-10-21 00:00:00,I Bond,I Bond,10000.0,10000.0,,,50.0,Black,Male,Chicago,2018-10-20 00:00:00,,CHICAGO PD,District 3 - Grand Crossing,2018-10-20 12:05:00,,,Narcotics,2018-12-18 00:00:00
3151785105048,716585863709,2018-11-01 00:00:00,Driving With Suspended Or Revoked License,False,564469827463,380284587219,"FELONY DRIVING WHILE DRIVER?S LICENSE, PERMIT, OR PRIVILEGE TO OPERATE A MOTOR VEHICLE IS SUSPENDED OR REVOKED",2,625,5,6-303(a),4,0014057,Preliminary Hearing,2108-11-19 00:00:00,,2018-12-11 00:00:00,,,,,,,,,38.0,White [Hispanic or Latino],Male,Chicago,2018-10-24 00:00:00,,COOK COUNTY SHERIFF (IL0160000),,2018-10-24 18:20:00,,,Driving With Suspended Or Revoked License,2018-11-19 00:00:00
3151785105048,716585863709,2018-11-01 00:00:00,Driving With Suspended Or Revoked License,False,564470025575,380284720111,"FELONY DRIVING WHILE DRIVER?S LICENSE, PERMIT, OR PRIVILEGE TO OPERATE A MOTOR VEHICLE IS SUSPENDED OR REVOKED",3,625,5,6-303(a),4,0014056,Preliminary Hearing,2108-11-19 00:00:00,,2018-12-11 00:00:00,,,,,,,,,38.0,White [Hispanic or Latino],Male,Chicago,2018-10-24 00:00:00,,COOK COUNTY SHERIFF (IL0160000),,2018-10-24 18:20:00,,,Driving With Suspended Or Revoked License,2018-11-19 00:00:00
3151785105048,716585863709,2018-11-01 00:00:00,Driving With Suspended Or Revoked License,False,564470091613,380284764408,"FELONY DRIVING WHILE DRIVER?S LICENSE, PERMIT, OR PRIVILEGE TO OPERATE A MOTOR VEHICLE IS SUSPENDED OR REVOKED",4,625,5,6-303(a),4,0014056,Preliminary Hearing,2108-11-19 00:00:00,,2018-12-11 00:00:00,,,,,,,,,38.0,White [Hispanic or Latino],Male,Chicago,2018-10-24 00:00:00,,COOK COUNTY SHERIFF (IL0160000),,2018-10-24 18:20:00,,,Driving With Suspended Or Revoked License,2018-11-19 00:00:00
3151785105048,716585863709,2018-11-01 00:00:00,Driving With Suspended Or Revoked License,True,564469695389,380284498625,"FELONY DRIVING WHILE DRIVER?S LICENSE, PERMIT, OR PRIVILEGE TO OPERATE A MOTOR VEHICLE IS SUSPENDED OR REVOKED",1,625,5,6-303(a),4,0014057,Preliminary Hearing,2108-11-19 00:00:00,,2018-12-11 00:00:00,,,,,,,,,38.0,White [Hispanic or Latino],Male,Chicago,2018-10-24 00:00:00,,COOK COUNTY SHERIFF (IL0160000),,2018-10-24 18:20:00,,,Driving With Suspended Or Revoked License,2018-11-19 00:00:00
3153176367091,717074749362,2018-11-14 00:00:00,Driving With Suspended Or Revoked License,False,573406388378,386435464037,"FELONY DRIVING WHILE DRIVER?S LICENSE, PERMIT, OR PRIVILEGE TO OPERATE A MOTOR VEHICLE IS SUSPENDED OR REVOKED",2,625,5,6-303(a),4,0014058,Preliminary Hearing,2108-12-07 00:00:00,,2019-08-05 00:00:00,2018-11-13 00:00:00,2018-11-13 00:00:00,I Bond,I Bond,10000.0,10000.0,,,51.0,White [Hispanic or Latino],Male,River Grove,2018-11-11 00:00:00,,RIVER FOREST PD,,2018-11-11 20:36:00,,,Driving With Suspended Or Revoked License,2018-12-07 00:00:00
3153176367091,717074749362,2018-11-14 00:00:00,Driving With Suspended Or Revoked License,True,573406190266,386435331146,"FELONY DRIVING WHILE DRIVER?S LICENSE, PERMIT, OR PRIVILEGE TO OPERATE A MOTOR VEHICLE IS SUSPENDED OR REVOKED",1,625,5,6-303(a),4,0014058,Preliminary Hearing,2108-12-07 00:00:00,,2019-08-05 00:00:00,2018-11-13 00:00:00,2018-11-13 00:00:00,I Bond,I Bond,10000.0,10000.0,,,51.0,White [Hispanic or Latino],Male,River Grove,2018-11-11 00:00:00,,RIVER FOREST PD,,2018-11-11 20:36:00,,,Driving With Suspended Or Revoked License,2018-12-07 00:00:00
3154115976145,717400360944,2018-11-23 00:00:00,Uuw - Unlawful Use Of Weapon,False,564599920904,380374111702,AGGRAVATED UNLAWFUL USE OF WEAPON,4,720,5,24-1.6(a)(1),4,0017862,Preliminary Hearing,2108-12-21 00:00:00,,2019-01-11 00:00:00,2018-11-24 00:00:00,2018-11-24 00:00:00,I Bond,I Bond,10000.0,10000.0,,,34.0,Black,Male,Chicago,2018-11-23 00:00:00,,CHICAGO PD,,2018-11-23 20:00:00,2018-11-23 00:00:00,Continued Investigation,UUW - Unlawful Use of Weapon,2018-12-21 00:00:00
3154115976145,717400360944,2018-11-23 00:00:00,Uuw - Unlawful Use Of Weapon,False,564696005146,380440335899,AGGRAVATED UNLAWFUL USE OF WEAPON,5,720,5,24-1.6(a)(1),4,0017864,Preliminary Hearing,2108-12-21 00:00:00,,2019-01-11 00:00:00,2018-11-24 00:00:00,2018-11-24 00:00:00,I Bond,I Bond,10000.0,10000.0,,,34.0,Black,Male,Chicago,2018-11-23 00:00:00,,CHICAGO PD,,2018-11-23 20:00:00,2018-11-23 00:00:00,Continued Investigation,UUW - Unlawful Use of Weapon,2018-12-21 00:00:00
3154115976145,717400360944,2018-11-23 00:00:00,Uuw - Unlawful Use Of Weapon,False,564696071184,380440380196,AGGRAVATED UNLAWFUL USE OF WEAPON,6,720,5,24-1.6(a)(1),4,0017862,Preliminary Hearing,2108-12-21 00:00:00,,2019-01-11 00:00:00,2018-11-24 00:00:00,2018-11-24 00:00:00,I Bond,I Bond,10000.0,10000.0,,,34.0,Black,Male,Chicago,2018-11-23 00:00:00,,CHICAGO PD,,2018-11-23 20:00:00,2018-11-23 00:00:00,Continued Investigation,UUW - Unlawful Use of Weapon,2018-12-21 00:00:00
3154115976145,717400360944,2018-11-23 00:00:00,Uuw - Unlawful Use Of Weapon,False,564696203258,380440468790,AGGRAVATED UNLAWFUL USE OF WEAPON,7,720,5,24-1.6(a)(1),4,0017864,Preliminary Hearing,2108-12-21 00:00:00,,2019-01-11 00:00:00,2018-11-24 00:00:00,2018-11-24 00:00:00,I Bond,I Bond,10000.0,10000.0,,,34.0,Black,Male,Chicago,2018-11-23 00:00:00,,CHICAGO PD,,2018-11-23 20:00:00,2018-11-23 00:00:00,Continued Investigation,UUW - Unlawful Use of Weapon,2018-12-21 00:00:00
3154115976145,717400360944,2018-11-23 00:00:00,Uuw - Unlawful Use Of Weapon,False,564696269296,380440513087,AGGRAVATED UNLAWFUL USE OF WEAPON,8,720,5,24-1.6(a)(2),4,0017881,Preliminary Hearing,2108-12-21 00:00:00,,2019-01-11 00:00:00,2018-11-24 00:00:00,2018-11-24 00:00:00,I Bond,I Bond,10000.0,10000.0,,,34.0,Black,Male,Chicago,2018-11-23 00:00:00,,CHICAGO PD,,2018-11-23 20:00:00,2018-11-23 00:00:00,Continued Investigation,UUW - Unlawful Use of Weapon,2018-12-21 00:00:00
3154115976145,717400360944,2018-11-23 00:00:00,Uuw - Unlawful Use Of Weapon,False,564696335333,380440557384,AGGRAVATED UNLAWFUL USE OF WEAPON,9,720,5,24-1.6(a)(2),4,0017884,Preliminary Hearing,2108-12-21 00:00:00,,2019-01-11 00:00:00,2018-11-24 00:00:00,2018-11-24 00:00:00,I Bond,I Bond,10000.0,10000.0,,,34.0,Black,Male,Chicago,2018-11-23 00:00:00,,CHICAGO PD,,2018-11-23 20:00:00,2018-11-23 00:00:00,Continued Investigation,UUW - Unlawful Use of Weapon,2018-12-21 00:00:00
3154115976145,717400360944,2018-11-23 00:00:00,Uuw - Unlawful Use Of Weapon,False,565759139312,381178458836,AGG UUW/LOADED/NO FCCA/FOID,2,720,5,24-1.6(a)(1),4,0017785,Preliminary Hearing,2108-12-21 00:00:00,,2019-01-11 00:00:00,2018-11-24 00:00:00,2018-11-24 00:00:00,I Bond,I Bond,10000.0,10000.0,,,34.0,Black,Male,Chicago,2018-11-23 00:00:00,,CHICAGO PD,,2018-11-23 20:00:00,2018-11-23 00:00:00,Continued Investigation,UUW - Unlawful Use of Weapon,2018-12-21 00:00:00
3154115976145,717400360944,2018-11-23 00:00:00,Uuw - Unlawful Use Of Weapon,False,565761714766,381180186424,AGGRAVATED UNLAWFUL USE OF WEAPON,3,720,5,24-1.6(a)(2),4,0017899,Preliminary Hearing,2108-12-21 00:00:00,,2019-01-11 00:00:00,2018-11-24 00:00:00,2018-11-24 00:00:00,I Bond,I Bond,10000.0,10000.0,,,34.0,Black,Male,Chicago,2018-11-23 00:00:00,,CHICAGO PD,,2018-11-23 20:00:00,2018-11-23 00:00:00,Continued Investigation,UUW - Unlawful Use of Weapon,2018-12-21 00:00:00
3154115976145,717400360944,2018-11-23 00:00:00,Uuw - Unlawful Use Of Weapon,True,565759073275,381178414539,AGG UUW/LOADED/NO FCCA/FOID,1,720,5,24-1.6(a)(1),4,0017785,Preliminary Hearing,2108-12-21 00:00:00,,2019-01-11 00:00:00,2018-11-24 00:00:00,2018-11-24 00:00:00,I Bond,I Bond,10000.0,10000.0,,,34.0,Black,Male,Chicago,2018-11-23 00:00:00,,CHICAGO PD,,2018-11-23 20:00:00,2018-11-23 00:00:00,Continued Investigation,UUW - Unlawful Use of Weapon,2018-12-21 00:00:00
3165972134029,721445764852,2019-03-07 00:00:00,Sex Crimes,False,568083321372,382777850708,ATTEMPT CRIMINAL SEXUAL ASSAULT,2,720,5,8-4(11-1.20(a)(1)),2,0015786,Indictment,2109-04-02 00:00:00,,2019-04-16 00:00:00,,,,,,,,,50.0,White,Male,Chicago,2019-03-07 00:00:00,,CHICAGO PD,,2019-03-07 01:48:00,2019-03-07 00:00:00,Approved,Sex Crimes,2019-04-02 00:00:00
3165972134029,721445764852,2019-03-07 00:00:00,Sex Crimes,True,568083255335,382777806411,CRIMINAL SEXUAL ASSAULT,1,720,5,11-1.20(a)(1),1,0015786,Indictment,2109-04-02 00:00:00,,2019-04-16 00:00:00,,,,,,,,,50.0,White,Male,Chicago,2019-03-07 00:00:00,,CHICAGO PD,,2019-03-07 01:48:00,2019-03-07 00:00:00,Approved,Sex Crimes,2019-04-02 00:00:00
3169957998346,722772483757,2019-04-07 00:00:00,Aggravated Dui,False,569231049293,383570813481,AGGRAVATED DRIVING UNDER THE INFLUENCE OF ALCOHOL,2,625,5,11-501(a),4,0014717,Preliminary Hearing,2109-04-11 00:00:00,,2019-06-05 00:00:00,,,,,,,,,37.0,Black,Male,Chicago,2018-12-21 00:00:00,,CHICAGO PD,,2018-12-21 00:00:00,2019-04-07 00:00:00,Approved,Aggravated DUI,2019-04-11 00:00:00
3169957998346,722772483757,2019-04-07 00:00:00,Aggravated Dui,False,569231115331,383570857779,AGGRAVATED DRIVING UNDER THE INFLUENCE OF ALCOHOL,3,625,5,11-501(a),4,0014712,Preliminary Hearing,2109-04-11 00:00:00,,2019-06-05 00:00:00,,,,,,,,,37.0,Black,Male,Chicago,2018-12-21 00:00:00,,CHICAGO PD,,2018-12-21 00:00:00,2019-04-07 00:00:00,Approved,Aggravated DUI,2019-04-11 00:00:00
3169957998346,722772483757,2019-04-07 00:00:00,Aggravated Dui,False,569231181368,383570902076,AGGRAVATED DRIVING UNDER THE INFLUENCE OF ALCOHOL,4,625,5,11-501(a),4,0014712,Preliminary Hearing,2109-04-11 00:00:00,,2019-06-05 00:00:00,,,,,,,,,37.0,Black,Male,Chicago,2018-12-21 00:00:00,,CHICAGO PD,,2018-12-21 00:00:00,2019-04-07 00:00:00,Approved,Aggravated DUI,2019-04-11 00:00:00
3169957998346,722772483757,2019-04-07 00:00:00,Aggravated Dui,True,569230983256,383570769184,AGGRAVATED DRIVING UNDER THE INFLUENCE OF ALCOHOL,1,625,5,11-501(a),4,0014717,Preliminary Hearing,2109-04-11 00:00:00,,2019-06-05 00:00:00,,,,,,,,,37.0,Black,Male,Chicago,2018-12-21 00:00:00,,CHICAGO PD,,2018-12-21 00:00:00,2019-04-07 00:00:00,Approved,Aggravated DUI,2019-04-11 00:00:00
3172253634103,723543118646,2019-04-25 00:00:00,Narcotics,True,569940884013,384057993225,[POSSESSION OF CANNABIS WITH INTENT TO DELIVER/DELIVERY OF CANNABIS],1,720,550,5(c),4,5020200,Preliminary Hearing,2109-05-08 00:00:00,,2019-06-14 00:00:00,2019-04-21 00:00:00,2019-04-21 00:00:00,I Bond,I Bond,20000.0,20000.0,,,39.0,Black,Male,Calumet City,2019-04-20 00:00:00,,CALUMET CITY PD,,2019-04-20 00:31:00,,,Narcotics,2019-05-08 00:00:00
3198474065403,732979688806,2019-11-24 00:00:00,Robbery,False,577534180620,389284522006,UNLAWFUL RESTRAINT,2,720,5,10-3,4,0775000,Preliminary Hearing,2109-12-02 00:00:00,,2019-12-30 00:00:00,,,,,,,,,18.0,Black,Male,Chicago,2019-04-20 00:00:00,,CHICAGO PD,,2019-11-24 20:55:00,2019-11-25 00:00:00,Approved,Robbery,2019-12-02 00:00:00
3198474065403,732979688806,2019-11-24 00:00:00,Robbery,True,577534114583,389284433412,ROBBERY,1,720,5,18-1(a),2,1100000,Preliminary Hearing,2109-12-02 00:00:00,,2019-12-30 00:00:00,,,,,,,,,18.0,Black,Male,Chicago,2019-04-20 00:00:00,,CHICAGO PD,,2019-11-24 20:55:00,2019-11-25 00:00:00,Approved,Robbery,2019-12-02 00:00:00
3220978769988,741616668686,2020-07-20 00:00:00,Narcotics,True,582287610051,392507137602,[POSSESSION OF CANNABIS WITH INTENT TO DELIVER/DELIVERY OF CANNABIS],1,720,550,5(d),3,5020300,Preliminary Hearing,2050-10-05 00:00:00,,2020-10-05 00:00:00,2020-07-17 00:00:00,2020-07-17 00:00:00,I Bond,I Bond,20000.0,20000.0,,,23.0,White [Hispanic or Latino],Female,Cicero,2020-07-15 00:00:00,,CICERO PD,,2020-07-15 11:44:00,,,Narcotics,2020-10-05 00:00:00
