case_id,case_participant_id,received_date,offense_category,primary_charge_flag,charge_id,charge_version_id,charge_offense_title,charge_count,chapter,act,section,class,aoic,event,event_date,finding_no_probable_cause,arraignment_date,bond_date_initial,bond_date_current,bond_type_initial,bond_type_current,bond_amount_initial,bond_amount_current,bond_electronic_monitor_flag_initial,bond_electroinic_monitor_flag_current,age_at_incident,race,gender,incident_city,incident_begin_date,incident_end_date,law_enforcement_agency,law_enforcement_unit,arrest_date,felony_review_date,felony_review_result,updated_offense_category,felony_review_date_new
2934284828282,638313428670,2013-11-29 00:00:00,Aggravated Battery Police Officer,False,493614798011,331697820973,AGGRAVATED BATTERY,3,720,5,12-3.05(d)(4),2,0016108,Preliminary Hearing,2013-12-17 00:00:00,,2014-02-21 00:00:00,,,,,,,,,24.0,Black,Male,Chicago,2013-11-22 00:00:00,,CHICAGO PD,,2013-11-22 11:40:00,2103-11-22 00:00:00,Approved,Narcotics,2013-11-22 00:00:00
2934284828282,638313428670,2013-11-29 00:00:00,Aggravated Battery Police Officer,False,494337047739,332193461467,[POSSESSION OF CONTROLLED SUBSTANCE WITH INTENT TO DELIVER/DELIVERY OF A CONTROLLED SUBSTANCE],2,720,570,401(c)(1),1,0013009,Preliminary Hearing,2013-12-17 00:00:00,,2014-02-21 00:00:00,,,,,,,,,24.0,Black,Male,Chicago,2013-11-22 00:00:00,,CHICAGO PD,,2013-11-22 11:40:00,2103-11-22 00:00:00,Approved,Narcotics,2013-11-22 00:00:00
2934284828282,638313428670,2013-11-29 00:00:00,Aggravated Battery Police Officer,False,494338632634,332194524597,AGGRAVATED BATTERY,4,720,5,12-3.05(d)(4),2,0016108,Preliminary Hearing,2013-12-17 00:00:00,,2014-02-21 00:00:00,,,,,,,,,24.0,Black,Male,Chicago,2013-11-22 00:00:00,,CHICAGO PD,,2013-11-22 11:40:00,2103-11-22 00:00:00,Approved,Narcotics,2013-11-22 00:00:00
2934284828282,638313428670,2013-11-29 00:00:00,Aggravated Battery Police Officer,False,495801226305,333198607452,RESIST/PC OFF/CORR/FRFTR/INJ,5,720,5,31-1(a-7),4,0014799,Preliminary Hearing,2013-12-17 00:00:00,,2014-02-21 00:00:00,,,,,,,,,24.0,Black,Male,Chicago,2013-11-22 00:00:00,,CHICAGO PD,,2013-11-22 11:40:00,2103-11-22 00:00:00,Approved,Narcotics,2013-11-22 00:00:00
2934284828282,638313428670,2013-11-29 00:00:00,Aggravated Battery Police Officer,True,494336057180,332192797010,[POSSESSION OF CONTROLLED SUBSTANCE WITH INTENT TO DELIVER/DELIVERY OF A CONTROLLED SUBSTANCE],1,720,570,407(b)(1),X,5125382,Preliminary Hearing,2013-12-17 00:00:00,,2014-02-21 00:00:00,,,,,,,,,24.0,Black,Male,Chicago,2013-11-22 00:00:00,,CHICAGO PD,,2013-11-22 11:40:00,2103-11-22 00:00:00,Approved,Narcotics,2013-11-22 00:00:00
3012242483127,666053162790,2015-07-21 00:00:00,Aggravated Dui,False,517635462282,348118719648,AGGRAVATED DRIVING UNDER THE INFLUENCE OF ALCOHOL,2,625,5,11-501(a),4,0014717,Preliminary Hearing,2015-08-18 00:00:00,,2015-09-21 00:00:00,2015-07-22 00:00:00,2015-07-22 00:00:00,D Bond,D Bond,5000.0,5000.0,,,41.0,Black,Male,Cicero,2015-07-21 00:00:00,2015-07-21 00:00:00,CICERO PD,,2015-07-21 03:04:00,2105-07-21 00:00:00,Approved,Aggravated DUI,2015-07-21 00:00:00
3012242483127,666053162790,2015-07-21 00:00:00,Aggravated Dui,True,517000315726,347682924566,AGGRAVATED DRIVING UNDER THE INFLUENCE OF ALCOHOL,1,625,5,11-501(a),4,0014717,Preliminary Hearing,2015-08-18 00:00:00,,2015-09-21 00:00:00,2015-07-22 00:00:00,2015-07-22 00:00:00,D Bond,D Bond,5000.0,5000.0,,,41.0,Black,Male,Cicero,2015-07-21 00:00:00,2015-07-21 00:00:00,CICERO PD,,2015-07-21 03:04:00,2105-07-21 00:00:00,Approved,Aggravated DUI,2015-07-21 00:00:00
3124055960574,706807682357,2018-03-19 00:00:00,Sex Crimes,False,555512002545,374123034795,AGGRAVATED KIDNAPPING,3,720,5,10-2(a)(3),X,0011389,Preliminary Hearing,2018-04-11 00:00:00,,2018-05-01 00:00:00,2018-03-21 00:00:00,2018-03-21 00:00:00,D Bond,D Bond,100000.0,100000.0,,,68.0,Black,Male,Harvey,2018-03-18 00:00:00,2018-03-18 00:00:00,HARVEY PD,,2018-03-18 19:55:00,2108-03-20 00:00:00,Approved,Kidnapping,2018-03-20 00:00:00
3124055960574,706807682357,2018-03-19 00:00:00,Sex Crimes,False,555512068582,374123079092,ATTEMPT PREDATORY CRIMINAL SEXUAL ASSAULT OF A VICTIM LESS THAN 13 YEARS OF AGE,5,720,5,8-4 ( 11-1.40(a)(1) ),1,0015807,Preliminary Hearing,2018-04-11 00:00:00,,2018-05-01 00:00:00,2018-03-21 00:00:00,2018-03-21 00:00:00,D Bond,D Bond,100000.0,100000.0,,,68.0,Black,Male,Harvey,2018-03-18 00:00:00,2018-03-18 00:00:00,HARVEY PD,,2018-03-18 19:55:00,2108-03-20 00:00:00,Approved,Kidnapping,2018-03-20 00:00:00
3124055960574,706807682357,2018-03-19 00:00:00,Sex Crimes,False,555512398769,374123300578,GROOMING,8,720,5,11-25(a),4,0014739,Preliminary Hearing,2018-04-11 00:00:00,,2018-05-01 00:00:00,2018-03-21 00:00:00,2018-03-21 00:00:00,D Bond,D Bond,100000.0,100000.0,,,68.0,Black,Male,Harvey,2018-03-18 00:00:00,2018-03-18 00:00:00,HARVEY PD,,2018-03-18 19:55:00,2108-03-20 00:00:00,Approved,Kidnapping,2018-03-20 00:00:00
3124055960574,706807682357,2018-03-19 00:00:00,Sex Crimes,False,555588539752,374174508051,VIOLATION OF THE SEX OFFENDER REGISTRATION ACT,7,730,150,6,2,0013780,Preliminary Hearing,2018-04-11 00:00:00,,2018-05-01 00:00:00,2018-03-21 00:00:00,2018-03-21 00:00:00,D Bond,D Bond,100000.0,100000.0,,,68.0,Black,Male,Harvey,2018-03-18 00:00:00,2018-03-18 00:00:00,HARVEY PD,,2018-03-18 19:55:00,2108-03-20 00:00:00,Approved,Kidnapping,2018-03-20 00:00:00
3124055960574,706807682357,2018-03-19 00:00:00,Sex Crimes,False,555651275168,374217520556,INDECENT SOLICITATION OF A CHILD,6,720,5,11-6(a),1,0012154,Preliminary Hearing,2018-04-11 00:00:00,,2018-05-01 00:00:00,2018-03-21 00:00:00,2018-03-21 00:00:00,D Bond,D Bond,100000.0,100000.0,,,68.0,Black,Male,Harvey,2018-03-18 00:00:00,2018-03-18 00:00:00,HARVEY PD,,2018-03-18 19:55:00,2108-03-20 00:00:00,Approved,Kidnapping,2018-03-20 00:00:00
3124055960574,706807682357,2018-03-19 00:00:00,Sex Crimes,False,555677293856,374235062216,AGGRAVATED KIDNAPPING,2,720,5,10-2(a)(2),X,0016563,Preliminary Hearing,2018-04-11 00:00:00,,2018-05-01 00:00:00,2018-03-21 00:00:00,2018-03-21 00:00:00,D Bond,D Bond,100000.0,100000.0,,,68.0,Black,Male,Harvey,2018-03-18 00:00:00,2018-03-18 00:00:00,HARVEY PD,,2018-03-18 19:55:00,2108-03-20 00:00:00,Approved,Kidnapping,2018-03-20 00:00:00
3124055960574,706807682357,2018-03-19 00:00:00,Sex Crimes,False,555677558005,374235239404,AGGRAVATED KIDNAPPING,4,720,5,10-2(a)(3),X,0011389,Preliminary Hearing,2018-04-11 00:00:00,,2018-05-01 00:00:00,2018-03-21 00:00:00,2018-03-21 00:00:00,D Bond,D Bond,100000.0,100000.0,,,68.0,Black,Male,Harvey,2018-03-18 00:00:00,2018-03-18 00:00:00,HARVEY PD,,2018-03-18 19:55:00,2108-03-20 00:00:00,Approved,Kidnapping,2018-03-20 00:00:00
3124055960574,706807682357,2018-03-19 00:00:00,Sex Crimes,True,555028147397,373788724419,AGGRAVATED KIDNAPPING,1,720,5,10-2(a)(2),X,0016563,Preliminary Hearing,2018-04-11 00:00:00,,2018-05-01 00:00:00,2018-03-21 00:00:00,2018-03-21 00:00:00,D Bond,D Bond,100000.0,100000.0,,,68.0,Black,Male,Harvey,2018-03-18 00:00:00,2018-03-18 00:00:00,HARVEY PD,,2018-03-18 19:55:00,2108-03-20 00:00:00,Approved,Kidnapping,2018-03-20 00:00:00
